Survey_ID,Customer_ID,Store_Location,Visit_Date,Purchase_Amount,Wait_Time_Min,Staff_Rating,Product_Rating,Cleanliness_Rating,Recommend,Total_Rating
SURV0539,CUST0208,Seattle,2024-05-13,230.77,37.0,9.0,3.0,2.0,No,4.7
SURV0524,CUST0210,Los Angeles,2024-03-24,422.64,9.0,2.0,1.0,5.0,Yes,2.7
SURV0235,CUST0343,Chicago,2024-05-02,105.67,11.0,10.0,5.0,10.0,No,8.3
SURV0525,CUST0168,Seattle,2024-08-17,420.78,40.0,7.0,3.0,3.0,Yes,4.3
SURV0487,CUST0092,Seattle,2024-07-21,32.27,23.0,10.0,4.0,8.0,Yes,7.3
SURV0319,CUST0030,Seattle,2024-07-17,86.65,29.0,3.0,4.0,10.0,Yes,5.7
SURV0248,CUST0050,Atlanta,2024-04-03,483.66,37.0,5.0,5.0,4.0,Yes,4.7
SURV0497,CUST0311,Los Angeles,2024-04-26,295.99,20.0,9.0,9.0,7.0,Yes,8.3
SURV0391,CUST0080,New York,2024-03-26,495.35,18.0,5.0,3.0,9.0,Yes,5.7
SURV0223,CUST0004,Seattle,2024-07-02,55.9,17.0,9.0,3.0,4.0,Yes,5.3
SURV0083,CUST0326,Los Angeles,2024-03-21,172.14,27.0,3.0,9.0,5.0,Yes,5.7
SURV0149,CUST0137,Seattle,2024-07-22,35.22,34.0,4.0,4.0,8.0,Yes,5.3
SURV0256,CUST0345,San Francisco,2024-06-09,282.83,14.0,8.0,7.0,8.0,Yes,7.7
SURV0196,CUST0085,Dallas,2024-05-02,181.11,20.0,10.0,7.0,10.0,Yes,9.0
SURV0444,CUST0318,New York,2024-08-24,191.61,29.0,2.0,3.0,5.0,Yes,3.3
SURV0154,CUST0223,Boston,2024-05-26,249.83,22.0,9.0,7.0,3.0,Yes,6.3
SURV0281,CUST0277,Seattle,2024-06-23,446.1,40.0,7.0,8.0,2.0,Yes,5.7
SURV0450,CUST0013,Dallas,2024-03-15,50.92,19.0,10.0,5.0,3.0,No,6.0
SURV0533,CUST0195,New York,2024-03-11,498.35,4.0,9.0,8.0,6.0,Yes,7.7
SURV0132,CUST0082,Atlanta,2024-06-04,118.83,10.0,8.0,3.0,5.0,Yes,5.3
SURV0146,CUST0059,Seattle,2024-03-09,28.07,37.0,2.0,5.0,7.0,Yes,4.7
SURV0177,CUST0251,San Francisco,2024-08-15,348.56,4.0,5.0,,4.0,Yes,6.0
SURV0210,CUST0265,Los Angeles,2024-08-02,88.8,10.0,4.0,8.0,4.0,Yes,5.3
SURV0250,CUST0221,Chicago,2024-05-20,427.97,30.0,1.0,3.0,1.0,Yes,1.7
SURV0286,CUST0209,Seattle,2024-05-09,27.61,7.0,2.0,6.0,7.0,Yes,5.0
SURV0166,CUST0260,Miami,2024-06-26,419.3,31.0,2.0,5.0,1.0,Yes,2.7
SURV0011,CUST0045,Los Angeles,2024-05-08,20.09,21.0,8.0,9.0,9.0,Yes,8.7
SURV0110,CUST0235,Houston,2024-03-25,47.72,43.0,3.0,2.0,4.0,Yes,3.0
SURV0211,CUST0232,Miami,2024-04-05,278.88,5.0,10.0,1.0,7.0,Yes,6.0
SURV0251,CUST0182,San Francisco,2024-08-27,154.28,35.0,2.0,10.0,7.0,No,6.3
SURV0493,CUST0223,Boston,2024-08-21,145.92,18.0,8.0,9.0,8.0,No,8.3
SURV0071,CUST0326,Atlanta,2024-06-08,388.4,22.0,3.0,7.0,3.0,Yes,4.3
SURV0007,CUST0072,San Francisco,2024-08-21,38.46,17.0,6.0,5.0,4.0,No,5.0
SURV0091,CUST0328,Boston,2024-06-09,68.6,36.0,8.0,10.0,9.0,Yes,9.0
SURV0376,CUST0155,New York,2024-05-12,166.3,40.0,1.0,2.0,3.0,Yes,2.0
SURV0537,CUST0292,San Francisco,2024-08-19,426.33,34.0,6.0,3.0,1.0,Yes,3.3
SURV0077,CUST0344,Chicago,2024-04-27,387.92,12.0,1.0,1.0,5.0,Yes,2.3
SURV0084,CUST0088,New York,2024-06-05,41.14,9.0,8.0,4.0,3.0,No,5.0
SURV0159,CUST0257,Houston,2024-07-07,126.44,30.0,5.0,3.0,10.0,Yes,6.0
SURV0249,CUST0338,Dallas,2024-03-06,482.17,14.0,5.0,2.0,2.0,Yes,3.0
SURV0323,CUST0036,Dallas,2024-07-09,333.5,2.0,6.0,9.0,7.0,Yes,7.3
SURV0417,CUST0219,Houston,2024-05-08,153.67,40.0,9.0,2.0,6.0,No,5.7
SURV0105,CUST0109,Dallas,2024-06-23,454.71,26.0,10.0,4.0,1.0,Yes,5.0
SURV0353,CUST0154,Miami,2024-05-11,332.76,36.0,6.0,7.0,9.0,Yes,7.3
SURV0031,CUST0004,Miami,2024-04-26,307.7,17.0,4.0,7.0,10.0,Yes,7.0
SURV0056,CUST0317,New York,2024-06-14,461.72,40.0,5.0,4.0,6.0,No,5.0
SURV0461,CUST0241,Chicago,2024-08-03,67.59,24.0,10.0,7.0,3.0,Yes,6.7
SURV0365,CUST0260,New York,2024-04-21,471.32,41.0,2.0,3.0,5.0,Yes,3.3
SURV0385,CUST0054,Chicago,2024-08-08,370.18,25.0,5.0,6.0,5.0,Yes,5.3
SURV0074,CUST0190,Seattle,2024-06-11,409.58,1.0,3.0,10.0,7.0,No,6.7
SURV0141,CUST0271,San Francisco,2024-06-15,481.6,40.0,7.0,2.0,4.0,Yes,4.3
SURV0040,CUST0048,Los Angeles,2024-06-15,225.67,24.0,6.0,10.0,8.0,Yes,8.0
SURV0322,CUST0096,Boston,2024-06-11,360.15,45.0,1.0,1.0,1.0,No,1.0
SURV0073,CUST0084,Seattle,2024-06-01,12.71,6.0,2.0,10.0,3.0,No,5.0
SURV0003,CUST0013,San Francisco,2024-07-16,368.68,44.0,10.0,10.0,2.0,No,7.3
SURV0205,CUST0205,Miami,2024-03-09,,13.0,6.0,8.0,10.0,Yes,8.0
SURV0468,CUST0115,Houston,2024-06-04,435.61,8.0,7.0,5.0,9.0,Yes,7.0
SURV0378,CUST0335,Los Angeles,2024-04-17,21.4,21.0,4.0,2.0,2.0,No,2.7
SURV0232,CUST0264,Dallas,2024-03-14,256.29,5.0,3.0,2.0,3.0,No,2.7
SURV0133,CUST0349,San Francisco,2024-06-12,68.73,3.0,1.0,8.0,10.0,No,6.3
SURV0082,CUST0312,Dallas,2024-08-01,315.42,45.0,8.0,8.0,1.0,Yes,5.7
SURV0312,CUST0030,Chicago,2024-08-10,48.44,36.0,1.0,4.0,2.0,No,2.3
SURV0239,CUST0068,San Francisco,2024-06-03,326.28,35.0,5.0,3.0,6.0,Yes,4.7
SURV0329,CUST0062,Miami,2024-07-16,215.6,43.0,2.0,8.0,6.0,Yes,5.3
SURV0119,CUST0220,Miami,2024-08-08,447.35,10.0,10.0,5.0,4.0,Yes,6.3
SURV0531,CUST0216,Dallas,2024-06-23,408.32,22.0,8.0,4.0,2.0,No,4.7
SURV0479,CUST0261,Miami,2024-06-20,484.96,21.0,10.0,10.0,1.0,Yes,7.0
SURV0297,CUST0233,Houston,2024-03-07,387.3,38.0,10.0,2.0,1.0,Yes,4.3
SURV0204,CUST0160,Miami,2024-05-06,450.29,36.0,5.0,10.0,5.0,No,6.7
SURV0085,CUST0274,Chicago,2024-06-06,162.38,26.0,5.0,1.0,1.0,Yes,2.3
SURV0322,CUST0096,Boston,2024-06-11,360.15,45.0,1.0,1.0,1.0,No,1.0
SURV0079,CUST0350,Miami,2024-07-18,185.65,34.0,9.0,8.0,10.0,No,9.0
SURV0412,CUST0327,Dallas,2024-08-02,475.53,20.0,2.0,3.0,3.0,No,2.7
SURV0403,CUST0027,Los Angeles,2024-04-13,257.57,33.0,9.0,4.0,9.0,Yes,7.3
SURV0266,CUST0098,Miami,2024-03-25,372.98,39.0,9.0,5.0,2.0,No,5.3
SURV0080,CUST0332,San Francisco,2024-03-13,66.78,14.0,7.0,8.0,10.0,Yes,8.3
SURV0538,CUST0155,San Francisco,2024-07-23,131.2,23.0,1.0,7.0,3.0,Yes,3.7
SURV0325,CUST0035,Boston,2024-08-10,477.88,31.0,10.0,4.0,4.0,Yes,6.0
SURV0087,CUST0084,Dallas,2024-06-11,367.51,30.0,7.0,3.0,8.0,Yes,6.0
SURV0010,CUST0280,Los Angeles,2024-04-22,356.96,37.0,6.0,1.0,9.0,Yes,5.3
SURV0375,CUST0279,Houston,2024-03-10,44.88,1.0,7.0,2.0,7.0,Yes,5.3
SURV0264,CUST0128,Seattle,2024-04-22,263.98,40.0,8.0,4.0,10.0,No,7.3
SURV0219,CUST0284,Los Angeles,2024-06-15,328.32,20.0,3.0,7.0,6.0,Yes,5.3
SURV0416,CUST0283,Dallas,2024-04-20,229.74,28.0,1.0,2.0,2.0,Yes,1.7
SURV0276,CUST0227,Chicago,2024-06-12,255.74,17.0,3.0,4.0,9.0,No,5.3
SURV0528,CUST0284,Chicago,2024-03-16,143.97,25.0,6.0,8.0,4.0,No,6.0
SURV0389,CUST0055,New York,2024-05-15,377.8,2.0,1.0,6.0,6.0,Yes,4.3
SURV0191,CUST0065,Boston,2024-04-10,55.62,26.0,5.0,7.0,6.0,Yes,6.0
SURV0547,CUST0311,Boston,2024-04-14,65.64,38.0,8.0,6.0,5.0,Yes,6.3
SURV0102,CUST0109,Seattle,2024-04-16,321.84,24.0,10.0,4.0,10.0,Yes,8.0
SURV0078,CUST0137,San Francisco,2024-06-05,46.28,26.0,10.0,10.0,8.0,No,9.3
SURV0500,CUST0198,Seattle,2024-07-07,493.24,2.0,5.0,1.0,3.0,Yes,3.0
SURV0178,CUST0010,San Francisco,2024-05-10,199.5,15.0,5.0,7.0,4.0,Yes,5.3
SURV0156,CUST0233,Los Angeles,2024-05-20,128.61,6.0,9.0,5.0,3.0,Yes,5.7
SURV0272,CUST0143,Chicago,2024-06-09,406.96,23.0,7.0,1.0,8.0,No,5.3
SURV0397,CUST0105,Atlanta,2024-08-14,430.62,44.0,6.0,2.0,2.0,Yes,3.3
SURV0186,CUST0041,Dallas,2024-08-16,333.39,26.0,4.0,8.0,10.0,No,7.3
SURV0076,CUST0108,San Francisco,2024-06-24,367.21,41.0,1.0,2.0,,No,4.0
SURV0421,CUST0039,New York,2024-08-25,397.87,13.0,6.0,3.0,9.0,Yes,6.0
SURV0341,CUST0268,Chicago,2024-08-26,250.89,43.0,1.0,9.0,9.0,Yes,6.3
SURV0262,CUST0174,Los Angeles,2024-07-09,495.13,25.0,8.0,10.0,9.0,No,9.0
SURV0069,CUST0143,New York,2024-07-26,46.53,28.0,2.0,2.0,1.0,Yes,1.7
SURV0287,CUST0249,Atlanta,2024-05-04,238.14,8.0,1.0,10.0,6.0,No,5.7
SURV0064,CUST0149,Chicago,2024-06-01,184.81,32.0,10.0,7.0,3.0,No,6.7
SURV0145,CUST0349,Seattle,2024-04-27,149.57,41.0,7.0,9.0,10.0,Yes,8.7
SURV0396,CUST0176,Dallas,2024-07-10,466.07,43.0,1.0,5.0,5.0,No,3.7
SURV0016,CUST0048,San Francisco,2024-03-15,99.87,38.0,10.0,5.0,5.0,Yes,6.7
SURV0317,CUST0272,Boston,2024-07-05,210.39,8.0,2.0,6.0,8.0,Yes,5.3
SURV0193,CUST0338,Dallas,2024-04-10,451.2,19.0,10.0,1.0,3.0,Yes,4.7
SURV0089,CUST0195,Los Angeles,2024-05-11,444.73,17.0,6.0,5.0,10.0,No,7.0
SURV0523,CUST0342,New York,2024-04-20,485.26,14.0,10.0,7.0,9.0,Yes,8.7
SURV0371,CUST0190,Houston,2024-03-15,59.38,21.0,10.0,,10.0,Yes,8.0
SURV0034,CUST0175,Dallas,2024-07-11,474.95,4.0,8.0,5.0,6.0,Yes,6.3
SURV0332,CUST0297,San Francisco,2024-07-13,381.34,20.0,3.0,5.0,5.0,Yes,4.3
SURV0118,CUST0300,Chicago,2024-08-27,101.42,28.0,2.0,9.0,4.0,No,5.0
SURV0212,CUST0062,Boston,2024-07-10,349.03,23.0,1.0,10.0,7.0,No,6.0
SURV0001,CUST0328,Seattle,2024-06-15,193.52,12.0,9.0,3.0,9.0,No,7.0
SURV0495,CUST0161,Atlanta,2024-03-26,237.21,1.0,1.0,8.0,10.0,Yes,6.3
SURV0012,CUST0303,Los Angeles,2024-04-05,485.26,14.0,2.0,6.0,10.0,Yes,6.0
SURV0292,CUST0085,Chicago,2024-06-02,28.3,30.0,8.0,7.0,2.0,Yes,5.7
SURV0023,CUST0102,San Francisco,2024-08-01,153.15,27.0,1.0,4.0,10.0,Yes,5.0
SURV0507,CUST0267,Los Angeles,2024-07-09,456.35,38.0,7.0,2.0,7.0,Yes,5.3
SURV0258,CUST0331,New York,2024-06-15,351.05,4.0,2.0,3.0,5.0,Yes,3.3
SURV0339,CUST0299,Atlanta,2024-06-23,242.35,23.0,6.0,2.0,1.0,Yes,3.0
SURV0311,CUST0161,Seattle,2024-04-16,225.1,31.0,6.0,8.0,10.0,Yes,8.0
SURV0090,CUST0139,Miami,2024-06-09,241.39,,6.0,9.0,2.0,Yes,5.7
SURV0138,CUST0196,New York,2024-07-21,354.48,22.0,1.0,5.0,1.0,Yes,2.3
SURV0470,CUST0338,San Francisco,2024-07-05,481.98,35.0,2.0,5.0,5.0,Yes,4.0
SURV0168,CUST0102,Houston,2024-05-08,101.39,37.0,9.0,3.0,1.0,Yes,4.3
SURV0019,CUST0259,New York,2024-08-23,221.65,34.0,5.0,1.0,2.0,Yes,2.7
SURV0452,CUST0171,Chicago,2024-08-22,283.62,33.0,10.0,2.0,8.0,Yes,6.7
SURV0409,CUST0002,Los Angeles,2024-05-01,453.64,21.0,1.0,3.0,2.0,No,2.0
SURV0532,CUST0341,Boston,2024-06-03,499.86,43.0,7.0,5.0,9.0,Yes,7.0
SURV0544,CUST0108,Boston,2024-08-04,339.13,42.0,5.0,6.0,5.0,Yes,5.3
SURV0330,CUST0292,Boston,2024-05-11,131.39,27.0,4.0,7.0,8.0,No,6.3
SURV0408,CUST0023,Boston,2024-08-13,15.31,28.0,4.0,7.0,4.0,No,5.0
SURV0354,CUST0235,Los Angeles,2024-07-23,89.84,4.0,2.0,6.0,2.0,No,3.3
SURV0055,CUST0322,Miami,2024-04-03,302.97,4.0,2.0,7.0,6.0,Yes,5.0
SURV0185,CUST0291,Chicago,2024-04-07,136.39,8.0,7.0,10.0,4.0,No,7.0
SURV0047,CUST0023,Houston,2024-03-23,162.74,43.0,4.0,2.0,9.0,Yes,5.0
SURV0094,CUST0167,Dallas,2024-07-02,285.03,35.0,9.0,6.0,7.0,Yes,7.3
SURV0335,CUST0318,Boston,2024-04-19,32.54,40.0,7.0,2.0,9.0,Yes,6.0
SURV0109,CUST0330,New York,2024-08-23,122.11,23.0,9.0,2.0,9.0,Yes,6.7
SURV0229,CUST0017,Dallas,2024-04-08,447.1,35.0,8.0,5.0,10.0,Yes,7.7
SURV0267,CUST0275,Dallas,2024-08-27,351.54,40.0,9.0,1.0,5.0,Yes,5.0
SURV0517,CUST0161,Boston,2024-07-04,194.47,10.0,1.0,1.0,8.0,No,3.3
SURV0546,CUST0297,San Francisco,2024-07-24,185.5,41.0,8.0,10.0,1.0,Yes,6.3
SURV0357,CUST0005,Boston,2024-05-28,22.99,8.0,9.0,6.0,3.0,No,6.0
SURV0337,CUST0215,Seattle,2024-06-02,429.18,6.0,2.0,1.0,10.0,Yes,4.3
SURV0189,CUST0036,Chicago,2024-07-20,269.53,5.0,4.0,4.0,1.0,Yes,3.0
SURV0350,CUST0068,Los Angeles,2024-04-14,316.67,43.0,3.0,10.0,7.0,Yes,6.7
SURV0209,CUST0225,Atlanta,2024-07-21,12.48,6.0,3.0,8.0,10.0,No,7.0
SURV0512,CUST0221,Dallas,2024-04-19,214.94,35.0,6.0,1.0,4.0,Yes,3.7
SURV0070,CUST0233,Los Angeles,2024-07-08,493.57,42.0,5.0,1.0,8.0,Yes,4.7
SURV0405,CUST0325,Houston,2024-07-10,166.82,43.0,9.0,2.0,1.0,Yes,4.0
SURV0164,CUST0153,Los Angeles,2024-06-21,272.53,9.0,2.0,2.0,4.0,Yes,2.7
SURV0291,CUST0031,Miami,2024-07-15,24.95,33.0,2.0,2.0,8.0,No,4.0
SURV0490,CUST0020,San Francisco,2024-04-04,446.23,19.0,5.0,5.0,4.0,No,4.7
SURV0150,CUST0329,New York,2024-06-11,146.54,45.0,1.0,7.0,8.0,No,5.3
SURV0125,CUST0261,Seattle,2024-03-12,,44.0,3.0,9.0,10.0,No,7.3
SURV0415,CUST0227,Atlanta,2024-05-25,319.6,22.0,1.0,9.0,6.0,No,5.3
SURV0183,CUST0030,Miami,2024-07-25,463.1,15.0,2.0,1.0,5.0,Yes,2.7
SURV0429,CUST0221,Atlanta,2024-08-05,181.95,29.0,2.0,4.0,8.0,Yes,4.7
SURV0200,CUST0217,Boston,2024-06-04,392.14,14.0,3.0,6.0,5.0,No,4.7
SURV0496,CUST0224,Miami,2024-05-08,183.14,5.0,3.0,9.0,6.0,No,6.0
SURV0422,CUST0077,Dallas,2024-08-22,396.91,30.0,7.0,9.0,5.0,Yes,7.0
SURV0382,CUST0284,New York,2024-04-03,351.4,26.0,6.0,9.0,1.0,Yes,5.3
SURV0520,CUST0154,Dallas,2024-05-17,83.7,32.0,8.0,8.0,1.0,No,5.7
SURV0404,CUST0048,New York,2024-07-12,414.96,29.0,1.0,4.0,3.0,Yes,2.7
SURV0115,CUST0288,Houston,2024-06-13,320.37,15.0,4.0,8.0,3.0,No,5.0
SURV0142,CUST0129,Dallas,2024-06-27,133.37,44.0,3.0,6.0,3.0,Yes,4.0
SURV0300,CUST0285,Los Angeles,2024-06-23,51.82,27.0,5.0,8.0,6.0,Yes,6.3
SURV0425,CUST0190,Dallas,2024-08-02,38.2,32.0,7.0,9.0,6.0,Yes,7.3
SURV0027,CUST0113,Seattle,2024-08-17,107.84,24.0,3.0,5.0,7.0,Yes,5.0
SURV0020,CUST0309,Dallas,2024-06-16,152.7,18.0,10.0,8.0,6.0,No,8.0
SURV0173,CUST0272,Los Angeles,2024-07-17,260.93,2.0,9.0,2.0,6.0,Yes,5.7
SURV0401,CUST0251,Houston,2024-06-28,60.53,6.0,3.0,4.0,7.0,Yes,4.7
SURV0057,CUST0186,Chicago,2024-05-18,53.36,4.0,9.0,2.0,9.0,Yes,6.7
SURV0306,CUST0112,New York,2024-07-01,488.17,5.0,4.0,7.0,5.0,Yes,5.3
SURV0491,CUST0056,Chicago,2024-06-03,233.27,36.0,4.0,10.0,1.0,Yes,5.0
SURV0400,CUST0259,Miami,2024-05-07,379.73,7.0,6.0,2.0,10.0,No,6.0
SURV0383,CUST0154,Miami,2024-07-28,318.18,41.0,6.0,2.0,7.0,No,5.0
SURV0527,CUST0152,Atlanta,2024-08-01,213.26,45.0,5.0,3.0,9.0,Yes,5.7
SURV0536,CUST0316,Houston,2024-05-20,472.94,45.0,7.0,4.0,7.0,Yes,6.0
SURV0364,CUST0110,San Francisco,2024-07-03,277.35,40.0,8.0,2.0,5.0,No,5.0
SURV0026,CUST0215,San Francisco,2024-04-26,394.74,33.0,4.0,9.0,2.0,Yes,5.0
SURV0457,CUST0082,Chicago,2024-04-16,15.56,,6.0,10.0,1.0,Yes,5.7
SURV0503,CUST0131,Atlanta,2024-04-26,161.67,12.0,2.0,,10.0,Yes,7.3
SURV0302,CUST0250,Los Angeles,2024-03-21,270.36,4.0,4.0,10.0,2.0,Yes,5.3
SURV0043,CUST0184,San Francisco,2024-08-09,26.85,6.0,8.0,2.0,10.0,No,6.7
SURV0369,CUST0036,Atlanta,2024-03-25,105.94,1.0,5.0,3.0,8.0,No,5.3
SURV0434,CUST0021,Atlanta,2024-07-12,59.55,18.0,3.0,5.0,4.0,No,4.0
SURV0514,CUST0341,Chicago,2024-04-09,434.37,44.0,2.0,8.0,6.0,Yes,5.3
SURV0236,CUST0249,New York,2024-04-10,364.0,9.0,9.0,1.0,6.0,Yes,5.3
SURV0480,CUST0205,San Francisco,2024-06-09,266.32,14.0,3.0,4.0,6.0,Yes,4.3
SURV0155,CUST0081,San Francisco,2024-05-11,492.97,21.0,10.0,7.0,1.0,No,6.0
SURV0127,CUST0047,Chicago,2024-08-12,410.83,17.0,8.0,1.0,6.0,Yes,5.0
SURV0273,CUST0237,San Francisco,2024-04-19,434.87,15.0,5.0,6.0,1.0,Yes,4.0
SURV0305,CUST0152,Atlanta,2024-04-10,365.78,10.0,2.0,9.0,5.0,No,5.3
SURV0395,CUST0108,Atlanta,2024-06-12,176.99,17.0,9.0,9.0,5.0,Yes,7.7
SURV0175,CUST0307,Atlanta,2024-08-18,326.13,28.0,4.0,4.0,1.0,Yes,3.0
SURV0032,CUST0082,San Francisco,2024-06-22,93.56,5.0,1.0,3.0,9.0,No,4.3
SURV0114,CUST0127,New York,2024-07-22,405.98,35.0,2.0,1.0,8.0,No,3.7
SURV0245,CUST0209,Boston,2024-03-18,17.57,8.0,10.0,2.0,10.0,No,7.3
SURV0174,CUST0001,Atlanta,2024-05-14,120.98,20.0,8.0,1.0,1.0,No,3.3
SURV0279,CUST0026,Miami,2024-03-28,353.96,14.0,10.0,5.0,9.0,No,8.0
SURV0439,CUST0342,Boston,2024-05-24,356.06,30.0,7.0,6.0,10.0,No,7.7
SURV0058,CUST0296,Miami,2024-06-14,106.03,25.0,9.0,10.0,6.0,No,8.3
SURV0285,CUST0086,Los Angeles,2024-06-03,293.36,3.0,7.0,3.0,9.0,Yes,6.3
SURV0025,CUST0280,Seattle,2024-06-08,233.47,38.0,5.0,2.0,8.0,No,5.0
SURV0018,CUST0120,Atlanta,2024-07-07,267.13,38.0,10.0,1.0,8.0,Yes,6.3
SURV0265,CUST0099,Miami,2024-07-19,439.91,8.0,1.0,8.0,5.0,No,4.7
SURV0067,CUST0052,Los Angeles,2024-06-18,,5.0,3.0,5.0,6.0,No,4.7
SURV0269,CUST0072,San Francisco,2024-03-25,186.15,32.0,10.0,3.0,7.0,Yes,6.7
SURV0438,CUST0128,Seattle,2024-06-26,412.71,28.0,9.0,4.0,2.0,Yes,5.0
SURV0483,CUST0170,Miami,2024-06-15,232.73,7.0,1.0,2.0,8.0,Yes,3.7
SURV0501,CUST0296,Dallas,2024-07-07,352.1,3.0,2.0,10.0,3.0,No,5.0
SURV0282,CUST0008,San Francisco,2024-06-10,175.62,39.0,2.0,6.0,5.0,Yes,4.3
SURV0473,CUST0169,Seattle,2024-08-23,31.15,14.0,3.0,3.0,1.0,Yes,2.3
SURV0228,CUST0035,Boston,2024-08-03,202.62,38.0,9.0,2.0,8.0,Yes,6.3
SURV0095,CUST0029,Boston,2024-05-08,387.77,15.0,10.0,9.0,2.0,Yes,7.0
SURV0181,CUST0158,Los Angeles,2024-04-11,177.12,38.0,8.0,7.0,9.0,Yes,8.0
SURV0453,CUST0211,New York,2024-05-19,217.87,23.0,3.0,5.0,7.0,Yes,5.0
SURV0093,CUST0113,Boston,2024-03-24,382.78,8.0,2.0,2.0,5.0,Yes,3.0
SURV0024,CUST0333,Los Angeles,2024-03-25,189.52,34.0,3.0,2.0,1.0,Yes,2.0
SURV0326,CUST0346,Houston,2024-07-19,371.57,36.0,7.0,6.0,10.0,Yes,7.7
SURV0355,CUST0162,Chicago,2024-06-21,44.58,5.0,3.0,3.0,3.0,No,3.0
SURV0275,CUST0039,Seattle,2024-06-03,260.56,25.0,9.0,7.0,3.0,Yes,6.3
SURV0006,CUST0115,Miami,2024-05-17,86.44,30.0,10.0,1.0,1.0,Yes,4.0
SURV0117,CUST0135,Houston,2024-03-19,403.8,37.0,3.0,7.0,10.0,Yes,6.7
SURV0046,CUST0136,Dallas,2024-05-15,334.64,43.0,4.0,9.0,1.0,No,4.7
SURV0221,CUST0302,Dallas,2024-07-14,332.23,37.0,6.0,9.0,6.0,Yes,7.0
SURV0504,CUST0023,Miami,2024-07-01,408.76,20.0,2.0,8.0,3.0,No,4.3
SURV0343,CUST0134,Dallas,2024-06-02,94.87,26.0,5.0,2.0,3.0,No,3.3
SURV0336,CUST0042,Miami,2024-06-08,29.96,38.0,4.0,4.0,8.0,Yes,5.3
SURV0017,CUST0112,Chicago,2024-06-21,159.08,34.0,1.0,5.0,4.0,Yes,3.3
SURV0049,CUST0275,Atlanta,2024-05-11,277.89,23.0,3.0,7.0,5.0,Yes,5.0
SURV0246,CUST0098,Boston,2024-04-21,464.88,11.0,2.0,3.0,9.0,No,4.7
SURV0433,CUST0187,Atlanta,2024-04-05,312.93,19.0,8.0,1.0,3.0,No,4.0
SURV0004,CUST0141,Seattle,2024-08-06,303.34,5.0,7.0,10.0,2.0,Yes,6.3
SURV0454,CUST0343,San Francisco,2024-06-27,454.11,28.0,9.0,6.0,6.0,Yes,7.0
SURV0442,CUST0287,San Francisco,2024-03-05,493.45,1.0,8.0,5.0,6.0,No,6.3
SURV0061,CUST0024,San Francisco,2024-07-23,200.45,3.0,1.0,2.0,5.0,Yes,2.7
SURV0197,CUST0136,San Francisco,2024-03-18,365.72,12.0,9.0,6.0,3.0,Yes,6.0
SURV0384,CUST0340,Boston,2024-06-20,439.96,35.0,5.0,9.0,8.0,Yes,7.3
SURV0545,CUST0221,San Francisco,2024-08-21,312.88,36.0,1.0,8.0,3.0,Yes,4.0
SURV0111,CUST0074,Seattle,2024-04-10,151.98,45.0,8.0,9.0,3.0,Yes,6.7
SURV0387,CUST0136,Boston,2024-04-08,148.2,11.0,8.0,4.0,4.0,Yes,5.3
SURV0320,CUST0261,San Francisco,2024-08-05,132.62,4.0,4.0,8.0,3.0,Yes,5.0
SURV0030,CUST0143,Dallas,2024-03-15,32.76,42.0,8.0,1.0,8.0,Yes,5.7
SURV0529,CUST0066,New York,2024-06-14,37.62,39.0,9.0,1.0,4.0,Yes,4.7
SURV0226,CUST0031,Atlanta,2024-04-21,129.55,15.0,5.0,1.0,4.0,Yes,3.3
SURV0278,CUST0051,Los Angeles,2024-05-22,328.48,2.0,10.0,2.0,9.0,Yes,7.0
SURV0027,CUST0113,Seattle,2024-08-17,107.84,24.0,3.0,5.0,7.0,Yes,5.0
SURV0008,CUST0053,Chicago,2024-07-11,434.43,23.0,5.0,4.0,4.0,Yes,4.3
SURV0182,CUST0123,Chicago,2024-03-24,65.6,2.0,8.0,8.0,10.0,Yes,8.7
SURV0051,CUST0194,Dallas,2024-03-05,485.1,31.0,1.0,2.0,8.0,Yes,3.7
SURV0230,CUST0170,Houston,2024-04-18,319.26,30.0,3.0,1.0,,Yes,3.3
SURV0038,CUST0173,Boston,2024-07-15,57.86,17.0,7.0,1.0,3.0,Yes,3.7
SURV0158,CUST0135,Los Angeles,2024-07-01,383.19,4.0,4.0,4.0,8.0,Yes,5.3
SURV0238,CUST0277,Los Angeles,2024-08-28,21.91,12.0,9.0,5.0,9.0,Yes,7.7
SURV0540,CUST0281,Dallas,2024-07-17,73.29,11.0,9.0,3.0,5.0,Yes,5.7
SURV0176,CUST0166,Houston,2024-05-12,95.44,11.0,10.0,10.0,6.0,Yes,8.7
SURV0443,CUST0209,Miami,2024-04-28,193.39,8.0,8.0,4.0,1.0,Yes,4.3
SURV0550,CUST0239,Chicago,2024-06-13,388.44,37.0,10.0,8.0,4.0,Yes,7.3
SURV0195,CUST0282,Dallas,2024-07-05,176.12,33.0,9.0,10.0,3.0,No,7.3
SURV0448,CUST0091,Houston,2024-06-01,379.16,10.0,4.0,5.0,2.0,Yes,3.7
SURV0068,CUST0195,Chicago,2024-08-24,403.08,18.0,3.0,6.0,5.0,No,4.7
SURV0376,CUST0155,New York,2024-05-12,166.3,40.0,1.0,2.0,3.0,Yes,2.0
SURV0169,CUST0079,San Francisco,2024-06-23,29.98,36.0,1.0,8.0,2.0,Yes,3.7
SURV0288,CUST0247,San Francisco,2024-06-28,275.9,42.0,9.0,3.0,7.0,No,6.3
SURV0489,CUST0136,Seattle,2024-06-09,475.7,19.0,4.0,10.0,3.0,Yes,5.7
SURV0194,CUST0244,Boston,2024-03-23,320.22,20.0,2.0,8.0,5.0,No,5.0
SURV0153,CUST0151,Dallas,2024-06-07,81.0,33.0,8.0,5.0,3.0,No,5.3
SURV0290,CUST0206,San Francisco,2024-03-22,299.51,29.0,8.0,6.0,1.0,No,5.0
SURV0299,CUST0217,Chicago,2024-04-10,315.22,37.0,2.0,4.0,2.0,Yes,2.7
SURV0432,CUST0158,Atlanta,2024-06-06,383.14,40.0,1.0,8.0,5.0,No,4.7
SURV0494,CUST0177,San Francisco,2024-07-01,102.18,2.0,2.0,1.0,8.0,Yes,3.7
SURV0104,CUST0162,Miami,2024-07-07,259.2,45.0,6.0,6.0,6.0,No,6.0
SURV0518,CUST0340,New York,2024-08-03,407.17,30.0,3.0,7.0,1.0,No,3.7
SURV0075,CUST0182,Boston,2024-08-22,356.36,5.0,5.0,2.0,7.0,No,4.7
SURV0374,CUST0225,San Francisco,2024-03-11,344.67,23.0,9.0,3.0,2.0,Yes,4.7
SURV0543,CUST0147,Chicago,2024-06-04,122.03,21.0,5.0,5.0,4.0,No,4.7
SURV0120,CUST0299,Miami,2024-03-23,274.28,39.0,7.0,1.0,4.0,Yes,4.0
SURV0342,CUST0162,Houston,2024-08-05,242.0,12.0,8.0,5.0,8.0,Yes,7.0
SURV0362,CUST0038,Houston,2024-06-28,325.21,29.0,1.0,10.0,9.0,Yes,6.7
SURV0430,CUST0066,San Francisco,2024-03-10,67.36,30.0,10.0,4.0,10.0,Yes,8.0
SURV0482,CUST0275,San Francisco,2024-05-07,350.92,18.0,6.0,4.0,2.0,No,4.0
SURV0313,CUST0026,Chicago,2024-07-23,22.42,45.0,6.0,3.0,3.0,Yes,4.0
SURV0303,CUST0080,Atlanta,2024-07-26,274.91,22.0,4.0,4.0,1.0,Yes,3.0
SURV0358,CUST0235,Atlanta,2024-08-28,297.03,42.0,8.0,5.0,8.0,Yes,7.0
SURV0464,CUST0236,New York,2024-05-21,295.85,37.0,4.0,5.0,9.0,Yes,6.0
SURV0334,CUST0021,Boston,2024-04-23,66.88,10.0,7.0,4.0,4.0,Yes,5.0
SURV0037,CUST0111,Chicago,2024-06-27,159.26,10.0,2.0,1.0,5.0,Yes,2.7
SURV0140,CUST0240,Los Angeles,2024-07-25,486.17,8.0,2.0,8.0,7.0,Yes,5.7
SURV0254,CUST0240,Seattle,2024-06-23,165.29,5.0,10.0,9.0,8.0,Yes,9.0
SURV0466,CUST0157,Houston,2024-04-02,193.69,33.0,7.0,2.0,5.0,No,4.7
SURV0060,CUST0036,San Francisco,2024-06-13,169.41,32.0,1.0,8.0,2.0,Yes,3.7
SURV0112,CUST0136,Dallas,2024-03-19,89.0,18.0,2.0,7.0,7.0,Yes,5.3
SURV0321,CUST0042,Houston,2024-03-09,279.12,12.0,7.0,8.0,3.0,Yes,6.0
SURV0541,CUST0001,New York,2024-05-15,477.49,6.0,2.0,10.0,5.0,Yes,5.7
SURV0263,CUST0056,Atlanta,2024-03-03,78.64,18.0,3.0,7.0,5.0,Yes,5.0
SURV0437,CUST0350,New York,2024-04-09,45.65,2.0,6.0,4.0,3.0,No,4.3
SURV0298,CUST0147,Chicago,2024-05-18,115.75,33.0,9.0,7.0,1.0,Yes,
SURV0151,CUST0175,San Francisco,2024-03-16,455.05,6.0,5.0,6.0,2.0,Yes,4.3
SURV0267,CUST0275,Dallas,2024-08-27,351.54,40.0,9.0,1.0,5.0,Yes,5.0
SURV0488,CUST0298,Boston,2024-05-02,147.67,21.0,8.0,6.0,3.0,No,5.7
SURV0039,CUST0053,Houston,2024-04-24,345.27,20.0,8.0,3.0,1.0,Yes,4.0
SURV0381,CUST0342,Chicago,2024-04-06,67.9,10.0,9.0,10.0,1.0,Yes,6.7
SURV0308,CUST0297,Dallas,2024-03-08,168.25,33.0,6.0,9.0,6.0,No,
SURV0199,CUST0311,Chicago,2024-04-21,444.67,26.0,10.0,5.0,3.0,Yes,6.0
SURV0361,CUST0052,Los Angeles,2024-08-25,200.2,9.0,9.0,1.0,8.0,No,6.0
SURV0147,CUST0350,Miami,2024-06-08,308.69,6.0,3.0,2.0,4.0,Yes,3.0
SURV0474,CUST0143,Atlanta,2024-07-14,446.66,32.0,6.0,1.0,7.0,No,4.7
SURV0148,CUST0275,Los Angeles,2024-06-19,256.31,26.0,7.0,5.0,4.0,Yes,5.3
SURV0372,CUST0146,Seattle,2024-04-23,18.93,26.0,3.0,9.0,4.0,Yes,5.3
SURV0347,CUST0123,Boston,2024-06-04,321.2,25.0,3.0,3.0,4.0,No,3.3
SURV0124,CUST0071,Boston,2024-07-26,63.93,26.0,2.0,3.0,3.0,Yes,2.7
SURV0447,CUST0084,San Francisco,2024-03-26,493.14,32.0,4.0,7.0,4.0,Yes,5.0
SURV0097,CUST0017,Miami,2024-08-02,266.14,14.0,10.0,9.0,9.0,Yes,9.3
SURV0144,CUST0006,Dallas,2024-05-11,157.43,42.0,2.0,10.0,5.0,No,5.7
SURV0240,CUST0293,Los Angeles,2024-08-08,96.78,35.0,2.0,7.0,9.0,Yes,6.0
SURV0333,CUST0305,Dallas,2024-06-11,17.05,11.0,9.0,6.0,6.0,No,7.0
SURV0098,CUST0162,Houston,2024-03-08,219.5,26.0,10.0,9.0,4.0,Yes,7.7
SURV0502,CUST0098,Chicago,2024-04-11,272.69,23.0,4.0,2.0,3.0,No,3.0
SURV0294,CUST0002,San Francisco,2024-05-20,186.49,27.0,6.0,6.0,9.0,No,7.0
SURV0426,CUST0299,Seattle,2024-05-26,279.27,30.0,10.0,3.0,3.0,No,5.3
SURV0123,CUST0113,New York,2024-03-26,165.82,22.0,3.0,5.0,6.0,Yes,4.7
SURV0184,CUST0124,Houston,2024-08-06,439.9,11.0,9.0,10.0,9.0,Yes,9.3
SURV0203,CUST0103,Boston,2024-06-15,89.2,11.0,5.0,9.0,1.0,Yes,5.0
SURV0324,CUST0305,Miami,2024-03-10,147.17,27.0,3.0,5.0,5.0,Yes,4.3
SURV0247,CUST0049,Atlanta,2024-04-09,219.81,41.0,6.0,7.0,5.0,Yes,6.0
SURV0370,CUST0126,San Francisco,2024-08-23,43.99,37.0,8.0,7.0,2.0,No,5.7
SURV0435,CUST0184,Atlanta,2024-07-17,51.21,1.0,6.0,7.0,2.0,No,5.0
SURV0427,CUST0283,Chicago,2024-06-02,226.35,29.0,10.0,7.0,10.0,No,9.0
SURV0363,CUST0276,Boston,2024-07-02,234.54,14.0,5.0,6.0,4.0,No,5.0
SURV0478,CUST0329,Houston,2024-03-27,281.39,37.0,3.0,5.0,3.0,Yes,3.7
SURV0463,CUST0103,Boston,2024-06-23,375.56,8.0,,1.0,10.0,Yes,6.0
SURV0126,CUST0253,Chicago,2024-07-14,219.28,25.0,,1.0,5.0,Yes,3.7
SURV0366,CUST0136,Seattle,2024-08-10,199.19,22.0,4.0,8.0,8.0,Yes,6.7
SURV0224,CUST0037,Boston,2024-07-24,190.18,9.0,9.0,4.0,8.0,Yes,7.0
SURV0506,CUST0001,Los Angeles,2024-04-05,89.68,37.0,6.0,7.0,4.0,Yes,5.7
SURV0220,CUST0118,Dallas,2024-05-28,426.12,,3.0,10.0,9.0,Yes,7.3
SURV0130,CUST0079,Houston,2024-03-28,260.27,25.0,7.0,6.0,8.0,Yes,7.0
SURV0508,CUST0276,San Francisco,2024-04-04,413.04,30.0,10.0,8.0,9.0,Yes,9.0
SURV0349,CUST0203,Atlanta,2024-03-24,193.56,40.0,5.0,7.0,6.0,No,6.0
SURV0397,CUST0105,Atlanta,2024-08-14,430.62,44.0,6.0,2.0,2.0,Yes,3.3
SURV0458,CUST0056,Boston,2024-03-20,239.64,8.0,7.0,7.0,8.0,Yes,7.3
SURV0548,CUST0336,Los Angeles,2024-06-08,339.07,34.0,4.0,1.0,9.0,No,4.7
SURV0431,CUST0022,Los Angeles,2024-05-24,80.07,16.0,7.0,7.0,1.0,Yes,5.0
SURV0356,CUST0038,Miami,2024-03-28,,37.0,1.0,6.0,5.0,Yes,4.0
SURV0295,CUST0200,Boston,2024-06-21,72.26,36.0,3.0,1.0,7.0,Yes,3.7
SURV0445,CUST0080,San Francisco,2024-08-13,408.27,39.0,4.0,7.0,3.0,No,4.7
SURV0411,CUST0067,Boston,2024-08-25,166.46,17.0,8.0,5.0,5.0,No,6.0
SURV0368,CUST0179,Seattle,2024-03-14,453.62,23.0,3.0,6.0,9.0,Yes,6.0
SURV0113,CUST0072,New York,2024-03-10,465.55,38.0,7.0,3.0,6.0,Yes,5.3
SURV0180,CUST0186,Houston,2024-03-24,77.39,30.0,7.0,7.0,7.0,Yes,7.0
SURV0408,CUST0023,Boston,2024-08-13,15.31,28.0,4.0,7.0,4.0,No,5.0
SURV0535,CUST0090,Los Angeles,2024-03-05,386.8,29.0,2.0,4.0,8.0,Yes,4.7
SURV0399,CUST0136,Los Angeles,2024-06-28,377.93,25.0,8.0,5.0,6.0,Yes,6.3
SURV0315,CUST0245,Dallas,2024-06-16,419.63,15.0,8.0,3.0,6.0,No,5.7
SURV0152,CUST0058,Chicago,2024-05-06,127.39,37.0,9.0,2.0,2.0,Yes,4.3
SURV0269,CUST0072,San Francisco,2024-03-25,186.15,32.0,,3.0,7.0,Yes,6.7
SURV0234,CUST0143,Atlanta,2024-07-16,251.33,14.0,2.0,7.0,8.0,Yes,5.7
SURV0307,CUST0030,San Francisco,2024-07-14,262.99,10.0,1.0,10.0,2.0,Yes,4.3
SURV0377,CUST0314,San Francisco,2024-06-05,423.99,15.0,4.0,3.0,3.0,Yes,3.3
SURV0165,CUST0328,Seattle,2024-08-16,54.24,3.0,4.0,4.0,7.0,Yes,5.0
SURV0318,CUST0081,New York,2024-06-07,94.91,5.0,4.0,5.0,6.0,Yes,5.0
SURV0137,CUST0198,Seattle,2024-04-24,264.21,36.0,2.0,3.0,4.0,Yes,3.0
SURV0198,CUST0271,San Francisco,2024-05-23,449.58,1.0,1.0,6.0,10.0,Yes,5.7
SURV0424,CUST0019,Houston,2024-03-21,252.27,19.0,6.0,5.0,2.0,Yes,4.3
SURV0259,CUST0051,San Francisco,2024-03-20,289.33,25.0,8.0,4.0,10.0,Yes,7.3
SURV0233,CUST0122,Boston,2024-06-23,292.68,44.0,9.0,1.0,7.0,Yes,5.7
SURV0116,CUST0276,Miami,2024-08-07,437.02,25.0,7.0,6.0,5.0,Yes,6.0
SURV0121,CUST0205,San Francisco,2024-05-28,405.65,17.0,1.0,10.0,10.0,No,7.0
SURV0423,CUST0280,San Francisco,2024-04-21,54.69,23.0,2.0,3.0,8.0,Yes,4.3
SURV0225,CUST0324,Dallas,2024-03-25,139.95,11.0,4.0,10.0,9.0,No,7.7
SURV0530,CUST0099,Chicago,2024-08-04,433.71,9.0,6.0,5.0,8.0,Yes,6.3
SURV0406,CUST0217,Seattle,2024-08-10,448.81,22.0,6.0,6.0,4.0,No,5.3
SURV0348,CUST0136,San Francisco,2024-07-15,32.2,33.0,9.0,4.0,3.0,No,5.3
SURV0128,CUST0025,Seattle,2024-03-17,431.76,13.0,10.0,1.0,5.0,Yes,5.3
SURV0256,CUST0345,San Francisco,2024-06-09,282.83,14.0,8.0,,8.0,Yes,7.7
SURV0286,CUST0209,Seattle,2024-05-09,27.61,7.0,2.0,6.0,7.0,Yes,5.0
SURV0521,CUST0260,Seattle,2024-07-04,301.12,17.0,4.0,,8.0,No,6.7
SURV0498,CUST0262,Seattle,2024-07-07,48.09,11.0,4.0,1.0,6.0,No,3.7
SURV0108,CUST0203,Miami,2024-07-20,380.22,3.0,7.0,6.0,5.0,No,6.0
SURV0449,CUST0212,Los Angeles,2024-05-18,194.37,10.0,6.0,6.0,2.0,Yes,4.7
SURV0394,CUST0310,Chicago,2024-04-03,390.44,27.0,6.0,6.0,7.0,Yes,6.3
SURV0134,CUST0217,Los Angeles,2024-08-27,175.43,41.0,4.0,10.0,6.0,Yes,6.7
SURV0440,CUST0053,New York,2024-05-26,49.86,38.0,9.0,7.0,9.0,Yes,8.3
SURV0045,CUST0310,Miami,2024-08-08,136.8,13.0,10.0,2.0,7.0,No,6.3
SURV0170,CUST0192,Chicago,2024-04-10,299.54,24.0,5.0,10.0,4.0,Yes,6.3
SURV0066,CUST0120,Seattle,2024-06-28,275.92,21.0,7.0,6.0,8.0,Yes,7.0
SURV0284,CUST0122,Atlanta,2024-07-02,56.05,6.0,2.0,2.0,10.0,Yes,4.7
SURV0086,CUST0126,Chicago,2024-03-09,169.34,22.0,1.0,1.0,4.0,Yes,2.0
SURV0243,CUST0125,New York,2024-08-26,458.28,22.0,8.0,9.0,4.0,No,7.0
SURV0187,CUST0044,Chicago,2024-05-24,410.44,45.0,4.0,4.0,2.0,No,3.3
SURV0465,CUST0180,Miami,2024-06-04,481.46,3.0,8.0,10.0,6.0,Yes,8.0
SURV0160,CUST0092,Seattle,2024-03-08,366.83,11.0,1.0,4.0,6.0,No,3.7
SURV0013,CUST0217,Los Angeles,2024-03-02,417.9,2.0,9.0,4.0,7.0,No,6.7
SURV0036,CUST0080,Houston,2024-08-17,406.11,17.0,6.0,5.0,4.0,Yes,5.0
SURV0029,CUST0302,Miami,2024-07-08,300.28,30.0,5.0,10.0,9.0,Yes,8.0
SURV0171,CUST0083,Los Angeles,2024-08-19,342.01,31.0,9.0,4.0,1.0,Yes,4.7
SURV0143,CUST0284,Seattle,2024-08-19,253.65,19.0,10.0,5.0,8.0,No,7.7
SURV0481,CUST0348,New York,2024-03-23,318.41,31.0,3.0,2.0,7.0,Yes,4.0
SURV0413,CUST0135,Atlanta,2024-07-24,475.8,41.0,1.0,2.0,9.0,Yes,4.0
SURV0441,CUST0182,Seattle,2024-03-15,51.57,4.0,2.0,2.0,7.0,No,3.7
SURV0222,CUST0113,Atlanta,2024-05-19,288.47,9.0,8.0,2.0,9.0,Yes,6.3
SURV0516,CUST0320,San Francisco,2024-08-14,22.92,17.0,5.0,5.0,4.0,Yes,4.7
SURV0096,CUST0118,Seattle,2024-08-03,251.96,22.0,9.0,1.0,9.0,No,6.3
SURV0052,CUST0041,Atlanta,2024-04-08,389.82,11.0,2.0,7.0,8.0,Yes,5.7
SURV0241,CUST0296,Atlanta,2024-05-26,470.82,1.0,8.0,10.0,4.0,Yes,7.3
SURV0451,CUST0092,San Francisco,2024-05-22,390.8,34.0,6.0,7.0,8.0,Yes,7.0
SURV0352,CUST0331,Los Angeles,2024-03-16,429.68,44.0,10.0,2.0,7.0,Yes,6.3
SURV0542,CUST0156,Dallas,2024-07-20,307.03,18.0,3.0,5.0,5.0,Yes,4.3
SURV0179,CUST0058,Chicago,2024-05-08,469.0,6.0,6.0,10.0,,No,7.3
SURV0472,CUST0205,Atlanta,2024-05-22,485.24,24.0,2.0,1.0,4.0,Yes,2.3
SURV0042,CUST0050,Atlanta,2024-04-27,252.64,34.0,5.0,5.0,3.0,Yes,4.3
SURV0522,CUST0159,Miami,2024-06-17,196.64,17.0,7.0,9.0,4.0,Yes,6.7
SURV0469,CUST0013,New York,2024-03-08,119.56,34.0,3.0,2.0,5.0,No,3.3
SURV0207,CUST0333,New York,2024-03-13,59.72,3.0,1.0,9.0,4.0,Yes,4.7
SURV0393,CUST0145,Houston,2024-08-18,192.29,34.0,2.0,9.0,1.0,Yes,4.0
SURV0283,CUST0048,Chicago,2024-08-13,194.04,6.0,4.0,8.0,4.0,Yes,5.3
SURV0359,CUST0319,Chicago,2024-07-13,470.71,28.0,2.0,4.0,10.0,Yes,5.3
SURV0398,CUST0325,Seattle,2024-08-09,220.21,24.0,9.0,8.0,4.0,Yes,7.0
SURV0255,CUST0028,Seattle,2024-05-23,93.05,19.0,3.0,1.0,4.0,Yes,2.7
SURV0499,CUST0060,Los Angeles,2024-03-27,487.45,42.0,10.0,2.0,9.0,Yes,7.0
SURV0005,CUST0126,San Francisco,2024-08-03,86.45,30.0,5.0,9.0,3.0,Yes,5.7
SURV0257,CUST0335,Dallas,2024-07-18,468.72,26.0,8.0,8.0,7.0,Yes,7.7
SURV0531,CUST0216,Dallas,2024-06-23,408.32,22.0,8.0,4.0,2.0,No,4.7
SURV0101,CUST0034,San Francisco,2024-04-08,25.4,14.0,7.0,9.0,10.0,Yes,8.7
SURV0227,CUST0118,New York,2024-04-09,486.78,24.0,2.0,7.0,5.0,Yes,4.7
SURV0515,CUST0170,Boston,2024-03-05,32.16,24.0,8.0,3.0,5.0,No,5.3
SURV0214,CUST0116,New York,2024-03-18,119.89,44.0,3.0,4.0,3.0,No,3.3
SURV0510,CUST0101,Miami,2024-03-05,365.6,34.0,3.0,8.0,9.0,Yes,6.7
SURV0172,CUST0277,Atlanta,2024-05-16,18.13,6.0,1.0,2.0,9.0,Yes,4.0
SURV0099,CUST0206,Atlanta,2024-04-27,22.46,28.0,7.0,9.0,4.0,Yes,6.7
SURV0293,CUST0195,Houston,2024-04-17,413.07,,3.0,2.0,10.0,Yes,5.0
SURV0216,CUST0174,San Francisco,2024-07-26,126.25,13.0,2.0,8.0,8.0,No,6.0
SURV0062,CUST0339,New York,2024-03-28,142.96,27.0,9.0,5.0,4.0,Yes,6.0
SURV0407,CUST0142,Dallas,2024-03-27,200.71,26.0,6.0,2.0,9.0,Yes,5.7
SURV0048,CUST0236,Seattle,2024-05-08,264.83,11.0,3.0,9.0,2.0,Yes,4.7
SURV0033,CUST0217,Los Angeles,2024-07-18,41.88,29.0,7.0,6.0,2.0,Yes,5.0
SURV0418,CUST0288,Chicago,2024-08-07,171.05,7.0,1.0,8.0,3.0,No,4.0
SURV0268,CUST0230,Chicago,2024-05-19,354.22,14.0,5.0,4.0,3.0,No,4.0
SURV0328,CUST0207,Houston,2024-04-15,309.74,26.0,2.0,2.0,,No,2.7
SURV0201,CUST0109,Los Angeles,2024-03-19,324.6,38.0,8.0,9.0,5.0,Yes,7.3
SURV0135,CUST0306,Seattle,2024-06-23,472.03,45.0,6.0,2.0,4.0,Yes,4.0
SURV0028,CUST0230,New York,2024-06-02,261.97,15.0,10.0,4.0,9.0,No,7.7
SURV0471,CUST0099,Miami,2024-06-15,15.96,32.0,6.0,4.0,4.0,Yes,4.7
SURV0231,CUST0037,San Francisco,2024-03-06,399.46,31.0,9.0,3.0,7.0,No,6.3
SURV0261,CUST0207,San Francisco,2024-08-11,311.35,42.0,6.0,6.0,8.0,Yes,6.7
SURV0379,CUST0271,San Francisco,2024-06-19,409.09,9.0,9.0,4.0,8.0,No,7.0
SURV0289,CUST0110,New York,2024-07-27,150.41,15.0,1.0,6.0,1.0,No,2.7
SURV0419,CUST0005,Miami,2024-07-09,339.53,1.0,4.0,9.0,9.0,Yes,7.3
SURV0163,CUST0321,Atlanta,2024-04-23,320.43,24.0,8.0,3.0,3.0,Yes,4.7
SURV0392,CUST0140,Miami,2024-06-10,212.18,27.0,2.0,3.0,7.0,No,4.0
SURV0513,CUST0036,Seattle,2024-05-01,467.04,22.0,3.0,7.0,8.0,Yes,6.0
SURV0139,CUST0306,Boston,2024-05-20,188.18,34.0,10.0,10.0,,Yes,9.0
SURV0063,CUST0117,Chicago,2024-07-13,416.08,29.0,8.0,1.0,2.0,Yes,3.7
SURV0136,CUST0033,New York,2024-04-14,168.37,18.0,9.0,9.0,9.0,Yes,9.0
SURV0129,CUST0057,Atlanta,2024-08-11,13.41,20.0,7.0,3.0,6.0,Yes,5.3
SURV0549,CUST0165,Dallas,2024-06-11,264.95,17.0,7.0,8.0,9.0,No,8.0
SURV0009,CUST0347,Boston,2024-03-27,304.55,15.0,9.0,8.0,9.0,Yes,8.7
SURV0327,CUST0121,Atlanta,2024-08-16,281.63,36.0,10.0,6.0,4.0,Yes,6.7
SURV0345,CUST0343,Miami,2024-07-11,205.27,40.0,4.0,9.0,1.0,Yes,4.7
SURV0065,CUST0041,Dallas,2024-05-10,147.66,19.0,9.0,8.0,7.0,Yes,8.0
SURV0301,CUST0339,Miami,2024-06-04,35.32,33.0,6.0,6.0,6.0,Yes,6.0
SURV0015,CUST0016,Los Angeles,2024-07-28,99.09,39.0,7.0,5.0,10.0,No,7.3
SURV0157,CUST0002,Seattle,2024-08-09,339.35,6.0,7.0,9.0,6.0,Yes,7.3
SURV0041,CUST0195,San Francisco,2024-05-25,69.8,5.0,6.0,4.0,5.0,Yes,5.0
SURV0380,CUST0005,Chicago,2024-08-26,148.11,9.0,6.0,2.0,6.0,Yes,4.7
SURV0188,CUST0249,Los Angeles,2024-07-25,282.05,44.0,8.0,4.0,3.0,Yes,5.0
SURV0486,CUST0134,Seattle,2024-08-12,451.57,33.0,5.0,9.0,5.0,Yes,6.3
SURV0217,CUST0011,Miami,2024-07-08,169.45,40.0,1.0,3.0,9.0,No,4.3
SURV0410,CUST0171,Los Angeles,2024-07-28,54.73,7.0,10.0,3.0,10.0,Yes,7.7
SURV0280,CUST0334,Atlanta,2024-04-11,399.94,40.0,5.0,5.0,1.0,Yes,3.7
SURV0053,CUST0283,New York,2024-06-23,470.35,16.0,9.0,6.0,7.0,Yes,7.3
SURV0519,CUST0064,San Francisco,2024-06-15,493.77,23.0,10.0,5.0,9.0,Yes,8.0
SURV0338,CUST0337,Atlanta,2024-05-24,354.79,8.0,4.0,7.0,10.0,Yes,7.0
SURV0237,CUST0110,Boston,2024-08-10,147.58,34.0,8.0,6.0,10.0,Yes,8.0
SURV0208,CUST0192,San Francisco,2024-06-03,335.12,33.0,9.0,10.0,6.0,No,8.3
SURV0213,CUST0127,Boston,2024-03-08,329.46,10.0,10.0,5.0,2.0,Yes,5.7
SURV0296,CUST0136,Houston,2024-06-25,265.9,29.0,7.0,3.0,6.0,Yes,5.3
SURV0534,CUST0347,Chicago,2024-07-05,282.16,26.0,4.0,10.0,9.0,Yes,7.7
SURV0252,CUST0217,San Francisco,2024-07-10,198.7,21.0,8.0,6.0,6.0,Yes,6.7
SURV0117,CUST0135,Houston,2024-03-19,403.8,37.0,3.0,7.0,10.0,Yes,6.7
SURV0462,CUST0114,Los Angeles,2024-08-27,328.11,23.0,3.0,5.0,4.0,Yes,4.0
SURV0456,CUST0137,San Francisco,2024-03-22,251.39,7.0,2.0,5.0,,Yes,3.7
SURV0121,CUST0205,San Francisco,2024-05-28,405.65,17.0,1.0,10.0,10.0,No,7.0
SURV0304,CUST0098,Atlanta,2024-04-23,322.34,2.0,4.0,5.0,10.0,Yes,6.3
SURV0351,CUST0344,Atlanta,2024-08-05,256.54,12.0,1.0,4.0,4.0,Yes,3.0
SURV0270,CUST0217,Los Angeles,2024-04-16,153.86,38.0,4.0,9.0,10.0,Yes,7.7
SURV0484,CUST0015,Los Angeles,2024-04-28,317.5,10.0,7.0,8.0,6.0,Yes,7.0
SURV0446,CUST0122,Los Angeles,2024-07-12,474.15,3.0,7.0,6.0,1.0,Yes,4.7
SURV0202,CUST0277,Boston,2024-05-16,51.23,37.0,6.0,10.0,4.0,Yes,6.7
SURV0162,CUST0055,Seattle,2024-06-18,319.83,31.0,3.0,,4.0,No,4.3
SURV0044,CUST0177,Los Angeles,2024-07-16,455.57,2.0,1.0,8.0,7.0,Yes,5.3
SURV0218,CUST0302,Los Angeles,2024-07-13,375.78,2.0,8.0,4.0,4.0,No,5.3
SURV0402,CUST0129,Miami,2024-06-04,452.25,24.0,8.0,9.0,5.0,No,7.3
SURV0191,CUST0065,Boston,2024-04-10,55.62,26.0,5.0,7.0,6.0,Yes,6.0
SURV0477,CUST0180,New York,2024-06-21,46.16,4.0,9.0,7.0,2.0,Yes,6.0
SURV0310,CUST0032,Dallas,2024-03-21,142.71,13.0,10.0,1.0,2.0,Yes,4.3
SURV0260,CUST0032,Los Angeles,2024-03-14,57.62,45.0,1.0,10.0,10.0,Yes,7.0
SURV0106,CUST0336,Boston,2024-05-25,132.15,14.0,7.0,6.0,9.0,No,7.3
SURV0054,CUST0151,Dallas,2024-04-23,448.47,8.0,10.0,4.0,7.0,No,7.0
SURV0390,CUST0284,Los Angeles,2024-05-22,405.35,7.0,8.0,4.0,3.0,Yes,5.0
SURV0002,CUST0058,Los Angeles,2024-08-07,475.85,1.0,6.0,6.0,9.0,Yes,7.0
SURV0526,CUST0207,San Francisco,2024-05-15,239.66,2.0,5.0,8.0,9.0,No,7.3
SURV0360,CUST0289,Seattle,2024-05-21,291.98,31.0,8.0,10.0,8.0,Yes,8.7
SURV0050,CUST0064,Dallas,2024-05-18,100.58,16.0,4.0,8.0,5.0,Yes,5.7
SURV0420,CUST0058,Seattle,2024-08-25,378.66,32.0,10.0,7.0,2.0,Yes,6.3
SURV0081,CUST0037,Dallas,2024-07-19,432.92,26.0,1.0,1.0,8.0,No,3.3
SURV0206,CUST0344,Dallas,2024-06-04,14.51,43.0,7.0,10.0,5.0,No,7.3
SURV0035,CUST0143,Atlanta,2024-06-20,483.16,10.0,3.0,5.0,4.0,Yes,4.0
SURV0509,CUST0344,Miami,2024-08-28,475.4,9.0,3.0,6.0,7.0,No,5.3
SURV0428,CUST0076,Los Angeles,2024-07-12,444.98,45.0,2.0,1.0,5.0,Yes,2.7
SURV0455,CUST0128,Atlanta,2024-08-12,64.49,32.0,10.0,6.0,9.0,Yes,8.3
SURV0367,CUST0068,New York,2024-04-24,480.98,11.0,7.0,10.0,7.0,No,8.0
SURV0092,CUST0286,Seattle,2024-03-16,359.49,1.0,9.0,2.0,10.0,No,7.0
SURV0340,CUST0290,Seattle,2024-06-13,57.94,26.0,3.0,2.0,2.0,Yes,2.3
SURV0346,CUST0161,New York,2024-03-28,311.77,18.0,6.0,1.0,10.0,Yes,5.7
SURV0242,CUST0243,Chicago,2024-08-19,477.43,40.0,6.0,9.0,8.0,Yes,7.7
SURV0014,CUST0017,Seattle,2024-04-16,114.05,11.0,5.0,9.0,2.0,Yes,5.3
SURV0316,CUST0258,Chicago,2024-04-15,351.03,29.0,2.0,8.0,8.0,Yes,6.0
SURV0388,CUST0060,Dallas,2024-06-21,96.95,38.0,8.0,1.0,6.0,No,5.0
SURV0274,CUST0128,Miami,2024-06-21,457.49,33.0,10.0,9.0,3.0,No,7.3
SURV0167,CUST0312,San Francisco,2024-03-03,167.18,40.0,5.0,4.0,7.0,No,5.3
SURV0512,CUST0221,Dallas,2024-04-19,214.94,35.0,6.0,1.0,4.0,Yes,3.7
SURV0485,CUST0060,San Francisco,2024-05-04,296.31,7.0,1.0,3.0,4.0,Yes,2.7
SURV0543,CUST0147,Chicago,2024-06-04,122.03,21.0,5.0,5.0,4.0,No,4.7
SURV0505,CUST0224,San Francisco,2024-05-28,345.52,5.0,4.0,5.0,9.0,Yes,6.0
SURV0244,CUST0243,Houston,2024-04-14,191.38,29.0,5.0,9.0,2.0,Yes,5.3
SURV0190,CUST0273,Boston,2024-05-04,128.51,6.0,6.0,6.0,6.0,Yes,6.0
SURV0476,CUST0143,Miami,2024-08-05,496.55,16.0,8.0,4.0,3.0,No,5.0
SURV0511,CUST0187,Boston,2024-03-12,310.57,44.0,10.0,1.0,3.0,Yes,4.7
SURV0059,CUST0099,Miami,2024-03-07,32.16,3.0,8.0,7.0,2.0,Yes,5.7
SURV0475,CUST0036,Boston,2024-07-24,268.57,43.0,5.0,5.0,9.0,No,6.3
SURV0253,CUST0211,Miami,2024-06-04,427.06,37.0,3.0,7.0,2.0,No,4.0
SURV0022,CUST0288,Atlanta,2024-04-21,78.35,15.0,6.0,6.0,2.0,Yes,4.7
SURV0314,CUST0300,Chicago,2024-05-14,481.7,24.0,10.0,7.0,7.0,Yes,8.0
SURV0460,CUST0020,Chicago,2024-07-08,68.22,3.0,3.0,8.0,7.0,Yes,6.0
SURV0161,CUST0260,Dallas,2024-08-14,190.21,30.0,1.0,5.0,5.0,Yes,3.7
SURV0277,CUST0282,Dallas,2024-06-11,401.16,33.0,7.0,1.0,5.0,No,4.3
SURV0192,CUST0066,Dallas,2024-04-12,449.64,4.0,3.0,6.0,1.0,No,3.3
SURV0386,CUST0069,Boston,2024-06-19,403.71,26.0,2.0,1.0,5.0,Yes,2.7
SURV0414,CUST0083,New York,2024-06-27,290.98,20.0,2.0,10.0,4.0,Yes,5.3
SURV0492,CUST0306,Boston,2024-08-07,313.86,29.0,4.0,1.0,9.0,No,4.7
SURV0344,CUST0105,Chicago,2024-04-17,222.59,13.0,5.0,9.0,8.0,No,7.3
SURV0309,CUST0278,Chicago,2024-03-15,399.64,38.0,1.0,7.0,9.0,Yes,5.7
SURV0131,CUST0322,Atlanta,2024-06-27,214.53,4.0,7.0,10.0,7.0,No,8.0
SURV0100,CUST0138,Los Angeles,2024-03-20,62.87,23.0,1.0,5.0,6.0,Yes,4.0
SURV0373,CUST0081,Los Angeles,2024-05-01,56.28,36.0,4.0,5.0,6.0,No,5.0
SURV0088,CUST0237,New York,2024-04-15,322.4,43.0,5.0,5.0,3.0,Yes,4.3
SURV0459,CUST0196,Boston,2024-07-11,37.59,1.0,9.0,10.0,7.0,No,8.7
SURV0331,CUST0127,Houston,2024-07-25,184.43,5.0,1.0,1.0,8.0,No,3.3
SURV0215,CUST0033,New York,2024-06-20,358.97,2.0,2.0,2.0,1.0,Yes,1.7
SURV0467,CUST0117,New York,2024-03-10,150.0,28.0,5.0,5.0,3.0,Yes,4.3
SURV0122,CUST0186,Los Angeles,2024-08-20,449.08,39.0,8.0,7.0,8.0,Yes,7.7
SURV0021,CUST0014,Atlanta,2024-06-08,309.81,30.0,2.0,8.0,5.0,No,5.0
SURV0072,CUST0187,Houston,2024-05-14,107.37,21.0,6.0,7.0,6.0,Yes,6.3
SURV0107,CUST0256,Atlanta,2024-05-06,211.09,7.0,5.0,3.0,2.0,No,3.3
SURV0271,CUST0094,Dallas,2024-07-21,406.59,33.0,6.0,8.0,5.0,Yes,6.3
SURV0436,CUST0108,Atlanta,2024-05-27,353.47,14.0,9.0,4.0,9.0,Yes,7.3
SURV0103,CUST0291,Los Angeles,2024-08-04,164.03,2.0,5.0,2.0,10.0,Yes,5.7
