Reading_ID,Household_ID,Region,Reading_Date,Electricity_kWh,Gas_Consumption_m3,Water_Liters,Temperature_C,Total_Energy_Units
READ0172,HH0210,South,2024-12-27,609.85,282.41,1811.2,26.9,3455.0
READ0207,HH0140,East,2024-01-25,682.73,194.05,1852.2,-0.5,2585.56
READ0134,HH0120,West,2024-12-23,615.1,22.5,1263.45,26.5,729.59
READ0205,HH0258,East,2024-03-21,718.24,36.27,1020.98,28.2,956.45
READ0484,HH0090,Central,2024-11-05,283.77,76.09,1887.67,4.7,1027.85
READ0481,HH0281,West,2024-09-23,315.94,226.52,224.1,7.3,2631.44
READ0518,HH0007,Coastal,2024-09-05,228.55,26.51,922.49,0.7,462.12
READ0233,HH0062,West,2024-09-05,677.83,19.5,838.53,34.6,747.85
READ0448,HH0142,Rural,2024-11-28,509.92,243.07,317.13,12.3,2960.49
READ0463,HH0060,East,2024-04-09,175.1,238.3,1128.49,2.9,2643.36
READ0218,HH0087,Rural,2024-11-20,654.94,256.41,1657.62,34.0,3217.91
READ0065,HH0032,South,2024-02-06,593.01,204.01,1017.54,30.4,2617.53
READ0049,HH0009,Coastal,2024-01-09,691.9,173.94,440.64,-4.2,2380.33
READ0064,HH0197,Urban,2024-11-21,537.11,65.7,1916.97,28.9,1121.45
READ0019,HH0140,East,2024-12-24,380.4,94.18,1323.83,8.2,1294.53
READ0211,HH0185,Central,2024-07-20,649.46,277.54,392.54,-2.3,3434.13
READ0358,HH0289,North,2024-04-18,322.43,170.54,1684.55,29.6,2050.3
READ0062,HH0045,Rural,2024-09-15,205.32,135.53,1286.45,17.2,1588.61
READ0103,HH0034,East,2024-04-07,478.24,198.35,1344.4,31.0,2466.61
READ0359,HH0115,Coastal,2024-12-20,548.59,177.75,1492.51,18.7,2306.74
READ0416,HH0273,Central,2024-09-18,739.19,230.94,1923.36,34.6,3018.15
READ0384,HH0250,East,2024-10-04,120.1,234.04,922.09,20.0,2554.42
READ0351,HH0191,East,2024-03-08,164.54,278.56,1053.77,33.2,3057.57
READ0401,HH0244,Urban,2024-09-25,633.6,235.2,1789.54,1.3,2978.27
READ0177,HH0125,South,2024-12-25,144.08,213.12,1491.29,21.9,2354.52
READ0313,HH0257,North,2024-05-23,245.82,126.8,1210.11,1.3,1529.27
READ0550,HH0043,Rural,2024-10-03,757.44,164.72,670.92,5.4,2336.18
READ0514,HH0119,South,2024-06-25,129.86,82.64,884.2,-1.1,972.49
READ0473,HH0035,Coastal,2024-06-17,721.43,283.5,1856.18,1.0,3555.75
READ0422,HH0269,Urban,2024-06-02,699.18,195.64,800.96,28.1,2614.36
READ0522,HH0187,West,2024-06-09,146.29,,1704.84,-3.5,823.39
READ0342,HH0139,West,2024-01-06,226.29,66.6,1179.12,7.3,881.51
READ0554,HH0166,North,2024-01-13,155.69,101.25,1836.0,5.7,1189.51
READ0444,HH0146,North,2024-06-18,476.14,176.52,1257.31,-1.1,2235.63
READ0430,HH0118,Central,2024-11-20,406.98,69.46,1426.12,3.5,1056.34
READ0070,HH0148,Urban,2024-02-12,121.08,197.38,1735.38,34.5,2171.09
READ0535,HH0245,Central,2024-12-10,547.66,130.49,662.37,-1.9,1808.94
READ0372,HH0010,Rural,2024-01-27,337.0,111.81,1069.08,7.0,1444.67
READ0039,HH0199,Urban,2024-03-06,238.96,184.1,596.91,-1.9,2124.81
READ0423,HH0269,Coastal,2024-03-21,134.06,262.73,1838.78,4.8,2867.75
READ0339,HH0002,North,2024-01-22,261.23,172.12,235.48,-0.2,2016.48
READ0456,HH0167,Rural,2024-08-26,67.33,231.88,738.42,17.0,2489.34
READ0361,HH0220,East,2024-06-16,487.35,222.44,1988.61,-3.6,2727.49
READ0389,HH0156,South,2024-01-05,646.98,38.75,212.45,18.9,924.67
READ0286,HH0196,West,2024-05-22,697.16,221.66,1129.57,1.8,2886.29
READ0213,HH0248,Urban,2024-03-23,278.01,86.34,213.66,-0.5,1129.19
READ0189,HH0136,Coastal,2024-10-05,257.9,77.43,665.68,30.6,1020.0
READ0438,HH0098,Urban,2024-09-19,241.13,91.7,1453.89,20.0,1157.21
READ0198,HH0251,East,2024-02-03,793.2,256.59,402.77,1.2,3329.16
READ0180,HH0068,East,2024-01-16,491.88,45.72,1714.39,28.9,875.28
READ0449,HH0110,Rural,2024-07-26,405.97,241.94,628.3,32.6,2865.77
READ0388,HH0117,East,2024-10-07,739.12,231.31,941.19,22.4,3020.99
READ0077,HH0026,South,2024-02-19,755.23,81.67,1958.68,19.1,1463.68
READ0132,HH0240,West,2024-08-04,503.46,143.81,1272.5,32.2,1914.05
READ0092,HH0253,South,2024-05-26,128.93,276.74,1622.96,3.7,3010.54
READ0382,HH0046,East,2024-12-01,626.27,150.01,921.46,13.0,2077.04
READ0539,HH0022,Central,2024-07-07,,34.35,375.45,14.3,633.18
READ0117,HH0037,Central,2024-10-12,188.39,272.06,406.94,19.3,3007.75
READ0446,HH0257,North,2024-03-28,610.2,65.31,1112.92,17.0,1175.03
READ0031,HH0183,Coastal,2024-08-26,579.78,162.12,622.96,3.5,2166.71
READ0417,HH0244,South,2024-09-12,78.22,106.85,492.52,5.8,1184.99
READ0101,HH0033,Coastal,2024-09-04,442.81,209.99,1315.93,22.0,2560.46
READ0254,HH0176,Coastal,2024-04-24,663.8,219.34,1472.31,26.3,2835.58
READ0140,HH0044,West,2024-03-20,491.49,13.09,1091.39,24.9,531.73
READ0270,HH0217,Central,2024-09-13,531.24,299.71,987.14,15.5,3572.93
READ0121,HH0165,North,2024-03-07,102.78,126.27,256.97,16.8,1408.32
READ0346,HH0141,Central,2024-02-18,190.19,241.64,817.68,10.8,2690.19
READ0228,HH0100,Rural,2024-08-20,354.06,37.36,1933.72,29.0,677.46
READ0295,HH0047,East,2024-11-04,650.13,74.02,1010.15,32.7,1298.32
READ0495,HH0086,Central,2024-10-27,73.2,48.95,1395.93,31.4,573.93
READ0476,HH0200,North,2024-09-02,154.0,244.01,968.27,-1.1,2686.27
READ0517,HH0101,Coastal,2024-08-10,164.21,14.29,1216.17,28.2,282.63
READ0520,HH0025,East,2024-06-07,725.02,68.36,619.02,17.5,1298.42
READ0112,HH0206,West,2024-01-05,355.68,35.49,1362.53,4.6,658.55
READ0127,HH0267,Central,2024-04-03,747.07,217.71,1621.32,25.6,2885.23
READ0126,HH0201,North,2024-07-16,705.71,210.89,1538.27,6.0,2780.45
READ0508,HH0295,South,2024-02-02,315.91,293.49,1788.31,29.2,3336.16
READ0322,HH0235,West,2024-11-19,71.07,265.13,757.76,13.8,2841.48
READ0511,HH0268,Central,2024-07-10,97.6,185.43,1841.41,6.3,2026.94
READ0433,HH0113,North,2024-12-17,509.36,201.03,515.58,28.7,2518.82
READ0100,HH0110,East,2024-09-04,551.48,120.18,1554.6,-2.2,1704.63
READ0102,HH0047,East,2024-08-11,273.41,40.78,313.5,21.6,647.23
READ0150,HH0238,Coastal,2024-02-28,521.46,271.07,493.7,-0.8,3263.9
READ0241,HH0131,North,2024-10-26,595.06,133.24,792.57,1.0,1875.86
READ0468,HH0278,Urban,2024-05-05,379.22,151.33,1391.98,0.3,1893.73
READ0385,HH0110,North,2024-07-09,549.36,163.7,1998.41,34.3,2160.34
READ0040,HH0272,South,2024-04-26,132.68,210.31,458.01,27.2,2314.86
READ0348,HH0044,South,2024-11-28,661.09,119.15,1727.79,23.6,1781.67
READ0277,HH0143,North,2024-05-23,241.61,24.46,1719.61,-3.8,451.84
READ0369,HH0004,East,2024-02-09,722.24,144.95,1909.45,17.4,2101.68
READ0133,HH0030,East,2024-02-17,657.35,275.43,334.99,-0.9,3418.23
READ0222,HH0056,West,2024-08-16,648.23,101.06,1370.33,-3.5,1581.08
READ0260,HH0155,West,2024-09-03,425.34,209.78,1367.61,0.4,2544.33
READ0129,HH0001,West,2024-04-03,450.96,15.07,746.04,1.7,519.75
READ0173,HH0298,Urban,2024-07-02,459.4,173.56,1787.09,34.3,2191.69
READ0215,HH0145,Rural,2024-01-26,319.18,285.96,1756.87,17.5,3259.68
READ0353,HH0230,Central,2024-03-13,384.66,170.65,1313.58,15.0,2100.87
READ0333,HH0203,East,2024-02-16,100.03,173.48,1202.13,-1.1,1902.77
READ0306,HH0043,East,2024-04-10,675.09,157.81,786.05,28.7,2197.86
READ0174,HH0051,Central,2024-09-26,433.03,23.77,1645.23,15.4,597.65
READ0007,HH0174,Central,2024-11-17,86.39,231.77,1929.4,-2.5,2504.63
READ0319,HH0155,East,2024-04-10,450.2,231.25,1183.82,33.7,2789.47
READ0533,HH0105,Urban,2024-11-19,567.21,250.82,1363.52,27.4,3088.74
READ0146,HH0270,Urban,2024-06-02,408.78,67.66,494.17,-3.4,1037.95
READ0387,HH0235,Rural,2024-01-01,108.01,31.17,515.82,23.7,414.21
READ0005,HH0042,West,2024-04-18,383.35,178.07,1159.35,6.8,2177.57
READ0515,HH0274,West,2024-05-04,612.47,67.0,1927.18,19.3,1195.4
READ0302,HH0094,Rural,2024-07-22,542.17,287.91,1779.55,34.9,3458.57
READ0217,HH0050,Coastal,2024-05-10,534.39,137.62,507.16,11.4,1873.03
READ0138,HH0032,Urban,2024-08-26,132.12,139.22,480.85,20.3,1567.99
READ0343,HH0243,East,2024-07-18,143.11,31.41,1636.46,29.1,445.93
READ0162,HH0284,South,2024-05-22,294.03,19.1,1902.97,22.8,437.68
READ0413,HH0003,Rural,2024-06-02,251.54,131.82,210.49,13.6,1585.55
READ0345,HH0181,Rural,2024-10-11,284.28,153.58,1366.44,1.1,1841.38
READ0147,HH0196,West,2024-10-07,358.24,171.9,562.89,8.4,2092.1
READ0181,HH0160,Coastal,2024-03-23,789.19,261.19,868.91,7.4,3374.72
READ0135,HH0295,Rural,2024-09-20,541.48,197.26,419.49,1.0,2504.83
READ0272,HH0090,Urban,2024-07-25,,165.04,412.7,-2.2,1944.57
READ0080,HH0002,East,2024-06-05,169.97,270.24,536.06,28.9,2974.03
READ0501,HH0085,West,2024-06-23,554.49,178.27,849.14,2.7,2316.28
READ0282,HH0189,Urban,2024-10-06,681.83,150.02,1001.63,7.8,2121.68
READ0229,HH0267,Rural,2024-02-06,327.88,120.92,1324.71,9.4,1533.29
READ0327,HH0239,Rural,2024-03-28,791.24,115.31,1599.21,7.5,1845.35
READ0012,HH0059,Central,2024-03-26,537.58,128.27,810.33,24.8,1777.71
READ0307,HH0001,South,2024-07-22,83.3,41.95,809.2,25.5,507.92
READ0379,HH0175,Rural,2024-06-15,379.48,297.48,994.89,31.4,3428.12
READ0109,HH0200,South,2024-04-12,404.94,112.97,354.54,,1510.49
READ0015,HH0160,Urban,2024-08-24,513.72,81.55,845.09,-0.7,1268.1
READ0355,HH0121,East,2024-04-12,357.18,36.27,696.01,34.9,667.28
READ0400,HH0147,Central,2024-12-26,642.45,273.41,1641.06,30.1,3386.41
READ0356,HH0096,Urban,2024-10-11,691.01,67.69,1544.29,8.1,1265.1
READ0551,HH0071,Central,2024-10-19,399.87,32.84,1333.6,25.8,666.05
READ0051,HH0256,Central,2024-01-13,187.96,123.82,1554.61,11.4,1452.03
READ0328,HH0175,Central,2024-03-09,773.83,281.46,846.54,18.0,3575.24
READ0009,HH0038,East,2024-11-06,136.96,51.05,1183.89,26.8,646.78
READ0373,HH0089,South,2024-07-25,65.79,20.46,1895.47,8.8,269.36
READ0441,HH0181,South,2024-05-24,213.16,139.09,1996.99,-5.0,1632.97
READ0513,HH0155,Central,2024-01-01,647.64,163.57,939.96,1.1,2236.54
READ0299,HH0078,West,2024-10-15,598.05,16.48,1753.79,14.8,653.23
READ0244,HH0020,Coastal,2024-03-08,553.17,210.1,446.14,0.9,
READ0170,HH0069,North,2024-04-07,280.54,49.72,336.67,15.7,746.83
READ0542,HH0230,West,2024-11-17,385.5,216.2,941.8,-2.5,2579.44
READ0500,HH0007,Central,2024-04-14,648.2,71.65,872.02,2.5,1271.76
READ0403,HH0232,South,2024-12-07,376.6,80.78,1372.11,2.5,1150.84
READ0357,HH0221,Coastal,2024-05-11,58.01,70.96,1323.78,-2.4,792.81
READ0529,HH0181,Rural,2024-12-08,349.27,259.85,1634.76,18.1,3009.48
READ0294,HH0137,Coastal,2024-07-07,66.24,37.9,1864.69,25.1,452.81
READ0283,HH0074,North,2024-06-14,409.83,15.57,1737.02,11.0,493.09
READ0290,HH0254,North,2024-11-27,176.67,50.13,1956.89,0.2,669.66
READ0394,HH0082,East,2024-01-18,318.9,97.14,744.28,11.4,1275.83
READ0203,HH0170,North,2024-09-02,544.86,99.72,1186.49,4.5,1484.13
READ0314,HH0258,Coastal,2024-06-11,306.32,182.9,946.28,25.9,2166.45
READ0326,HH0088,Coastal,2024-08-27,626.49,57.8,1241.27,23.6,1109.33
READ0224,HH0296,East,2024-01-23,650.75,158.83,1032.26,23.3,2189.35
READ0479,HH0070,West,2024-02-27,235.29,206.24,229.99,-0.9,2353.98
READ0261,HH0022,Central,2024-06-07,263.89,62.69,418.44,4.3,869.78
READ0547,HH0065,East,2024-11-24,314.48,129.1,873.2,4.5,1608.01
READ0167,HH0005,Coastal,2024-07-20,172.82,37.76,1372.7,15.8,536.11
READ0298,HH0038,Central,2024-10-22,496.57,168.81,235.44,20.8,2170.0
READ0160,HH0137,South,2024-10-10,437.84,40.66,850.46,5.4,778.05
READ0238,HH0098,Coastal,2024-12-27,470.29,268.39,421.95,31.3,3194.75
READ0329,HH0180,Central,2024-05-17,274.52,52.36,407.05,34.4,769.8
READ0143,HH0145,North,2024-04-24,702.69,72.69,465.36,19.2,1325.86
READ0453,HH0060,West,2024-10-27,415.49,74.92,1651.66,34.6,1120.7
READ0068,HH0279,Central,2024-04-28,272.29,225.65,1886.34,12.3,2589.04
READ0247,HH0256,Urban,2024-06-12,339.1,120.84,1188.89,17.2,1541.29
READ0537,HH0110,East,2024-01-13,218.92,236.34,1208.48,23.5,2657.91
READ0405,HH0156,Coastal,2024-07-04,266.83,217.48,807.45,13.6,2497.81
READ0251,HH0069,Central,2024-03-03,351.14,106.25,693.77,8.9,1397.23
READ0053,HH0151,Coastal,2024-05-19,741.71,112.29,984.22,14.3,1773.4
READ0494,HH0297,Rural,2024-11-25,523.5,229.26,1095.77,2.3,2827.13
READ0157,HH0032,Central,2024-08-11,342.68,11.25,987.2,8.2,393.26
READ0257,HH0097,Coastal,2024-01-16,495.93,131.24,1057.61,6.4,1775.82
READ0139,HH0026,Central,2024-08-11,281.77,45.98,783.13,-1.1,708.99
READ0504,HH0007,Urban,2024-01-26,407.2,175.6,980.82,27.6,2170.54
READ0085,HH0225,South,2024-04-07,790.94,156.77,1646.27,21.7,2280.48
READ0137,HH0116,Urban,2024-05-07,288.04,127.15,1665.1,-2.8,1567.17
READ0410,HH0118,East,2024-04-10,349.28,189.65,1379.59,-0.2,2272.13
READ0191,HH0116,Coastal,2024-06-11,91.28,214.9,1830.46,28.7,2331.3
READ0209,HH0007,Rural,2024-03-12,458.02,110.03,944.44,23.7,1522.68
READ0036,HH0011,South,2024-06-10,237.52,64.25,1384.45,22.2,866.03
READ0026,HH0030,Central,2024-12-27,340.99,20.86,269.32,,492.09
READ0461,HH0146,East,2024-10-21,166.27,51.86,1096.91,-2.2,678.64
READ0467,HH0138,East,2024-11-24,767.55,52.64,1536.87,-0.2,1168.3
READ0510,HH0267,West,2024-12-05,80.69,159.39,912.37,14.5,1739.06
READ0536,HH0009,Central,2024-05-15,57.5,21.37,1671.78,-2.1,272.06
READ0344,HH0276,East,2024-01-27,129.69,194.19,675.33,3.8,2143.42
READ0169,HH0168,Central,2024-04-25,384.39,273.24,1167.54,31.3,3177.7
READ0459,HH0067,North,2024-08-06,190.34,208.63,1726.12,18.8,2344.61
READ0559,HH0271,Rural,2024-01-20,305.35,238.4,1924.04,1.8,2749.4
READ0503,HH0259,West,2024-03-07,194.58,215.18,1367.61,17.6,2416.42
READ0477,HH0178,South,2024-02-02,326.33,164.29,716.92,19.0,1986.83
READ0375,HH0258,Central,2024-04-09,479.73,33.96,483.58,1.9,740.85
READ0151,HH0194,West,2024-12-21,364.38,76.92,235.27,6.0,1099.4
READ0074,HH0094,West,2024-03-07,170.96,177.66,1069.66,25.5,2003.27
READ0434,HH0206,West,2024-12-02,627.66,174.3,1022.26,20.4,2333.3
READ0097,HH0246,West,2024-06-14,680.59,279.06,1287.04,32.9,3475.89
READ0185,HH0290,West,2024-03-17,730.17,71.63,1687.2,-1.8,1337.94
READ0258,HH0082,West,2024-10-02,519.16,79.73,352.97,28.2,1252.85
READ0196,HH0276,Rural,2024-05-14,166.49,258.5,976.58,31.6,2848.42
READ0512,HH0276,West,2024-08-04,198.57,246.99,892.32,28.2,2753.14
READ0023,HH0039,Central,2024-02-15,220.22,75.7,1591.76,-4.0,972.62
READ0318,HH0029,Central,2024-05-19,281.32,23.76,1407.1,-0.3,475.94
READ0021,HH0109,North,2024-03-04,432.27,139.1,700.0,,1807.07
READ0370,HH0255,Rural,2024-03-14,518.85,298.03,729.53,14.0,3545.12
READ0048,HH0080,Coastal,2024-11-03,141.45,287.78,1464.85,13.7,
READ0532,HH0194,Rural,2024-06-03,131.17,149.93,1619.72,12.2,1680.82
READ0337,HH0070,Central,2024-08-14,147.91,52.39,760.92,14.1,669.18
READ0227,HH0179,North,2024-03-24,115.74,172.12,1088.71,-3.6,1900.94
READ0471,HH0173,West,2024-04-07,115.07,294.21,1974.57,18.9,3183.24
READ0303,HH0146,West,2024-06-23,411.78,33.41,785.78,19.5,681.01
READ0045,HH0192,East,2024-08-17,,298.71,506.75,22.7,3233.44
READ0186,HH0175,Rural,2024-02-20,,251.99,330.78,17.3,3273.59
READ0526,HH0101,North,2024-02-14,610.01,238.91,1489.75,29.6,2998.05
READ0398,HH0071,Coastal,2024-05-10,752.88,21.56,1913.38,2.1,
READ0291,HH0049,South,2024-06-10,765.32,53.42,1893.5,4.9,1175.06
READ0466,HH0052,West,2024-02-13,138.35,293.72,273.38,10.1,3195.01
READ0530,HH0280,Rural,2024-11-11,298.58,37.52,1944.89,15.1,634.77
READ0047,HH0180,West,2024-02-16,606.32,64.33,626.3,6.4,1161.15
READ0240,HH0091,Coastal,2024-02-24,322.31,116.79,1640.02,31.5,1485.78
READ0041,HH0275,South,2024-09-15,594.98,45.95,,16.0,959.28
READ0332,HH0176,South,2024-12-06,707.62,281.25,272.9,18.0,3519.49
READ0014,HH0061,North,2024-08-27,402.76,84.34,537.8,11.3,1208.32
READ0392,HH0115,Rural,2024-07-03,653.8,65.14,1634.36,26.0,1208.64
READ0543,HH0027,West,2024-01-02,635.81,110.4,823.87,0.4,1668.67
READ0123,HH0225,West,2024-10-18,160.74,18.67,1131.93,21.0,325.76
READ0149,HH0208,East,2024-05-09,163.78,287.54,1693.76,20.1,3151.89
READ0011,HH0006,Urban,2024-08-18,692.14,10.18,416.36,19.0,661.02
READ0528,HH0175,Central,2024-08-03,557.08,160.28,1054.38,6.0,2129.66
READ0451,HH0179,Coastal,2024-05-27,759.36,207.03,280.02,14.4,2781.58
READ0235,HH0253,West,2024-01-06,742.36,143.31,712.74,31.1,2099.36
READ0437,HH0015,West,2024-01-25,520.58,102.77,1995.93,8.6,1497.54
READ0121,HH0165,North,2024-03-07,102.78,126.27,256.97,16.8,1408.32
READ0507,HH0279,West,2024-03-21,200.92,17.94,1827.83,-3.2,350.93
READ0223,HH0042,Central,2024-10-14,668.05,140.2,286.69,18.2,2006.83
READ0492,HH0241,Urban,2024-07-06,530.06,288.42,482.34,10.0,3452.94
READ0465,HH0251,Urban,2024-02-26,437.23,297.04,878.62,-1.7,3469.58
READ0300,HH0012,Rural,2024-12-19,621.1,159.97,990.27,15.7,2177.56
READ0360,HH0291,East,2024-04-24,632.63,16.32,1869.39,31.8,679.33
READ0431,HH0016,Central,2024-09-18,297.43,207.36,1225.22,19.0,2416.45
READ0259,HH0280,Coastal,2024-06-07,226.88,238.45,1950.8,29.2,2687.18
READ0029,HH0165,Rural,2024-01-01,742.36,237.67,387.12,2.4,3089.81
READ0486,HH0044,Rural,2024-06-10,716.01,79.73,1127.01,9.8,1411.1
READ0226,HH0215,Central,2024-07-21,798.12,280.41,1736.54,31.5,3584.54
READ0432,HH0214,Rural,2024-06-12,410.2,203.41,850.66,-0.8,2464.82
READ0034,HH0211,South,2024-10-07,355.09,298.14,1504.2,19.8,3416.05
READ0454,HH0132,Rural,2024-11-06,,257.28,557.25,13.2,2951.22
READ0428,HH0221,South,2024-03-15,146.76,188.66,1174.88,26.8,2099.51
READ0225,HH0260,North,2024-09-19,310.62,218.04,1462.25,31.6,2539.38
READ0130,HH0212,West,2024-02-26,360.18,180.19,1728.9,-4.9,2181.87
READ0338,HH0066,West,2024-07-04,208.65,22.27,1156.88,0.3,401.91
READ0046,HH0108,Rural,2024-06-19,715.4,201.94,330.73,1.3,2693.02
READ0201,HH0284,Rural,2024-06-28,564.61,130.85,1050.24,24.4,1826.66
READ0267,HH0173,Rural,2024-09-20,597.35,299.54,1404.71,26.8,3624.45
READ0263,HH0244,North,2024-09-20,634.18,88.18,1055.93,31.8,1434.29
READ0499,HH0140,Urban,2024-08-10,785.68,290.2,770.13,25.5,3676.41
READ0004,HH0132,Central,2024-09-05,107.97,119.71,942.82,-3.6,1344.27
READ0192,HH0010,West,2024-08-01,78.45,154.02,1053.42,11.6,1681.02
READ0490,HH0287,Urban,2024-08-04,82.08,165.06,695.97,3.2,1799.49
READ0496,HH0173,Central,2024-08-25,488.72,209.12,855.48,22.1,2587.59
READ0371,HH0265,North,2024-03-22,741.4,149.92,796.95,-2.2,2168.08
READ0195,HH0050,Rural,2024-09-28,715.44,224.23,1428.18,17.4,2928.2
READ0073,HH0087,Urban,2024-10-12,709.86,116.25,836.17,16.2,1789.35
READ0442,HH0227,South,2024-12-03,151.5,170.81,1326.91,-0.5,1916.03
READ0105,HH0201,Central,2024-04-17,83.32,242.96,1605.91,15.5,2619.34
READ0516,HH0167,West,2024-09-11,737.41,132.53,1917.17,31.1,1983.41
READ0119,HH0213,West,2024-01-26,227.23,111.85,697.44,31.8,1356.91
READ0113,HH0194,Rural,2024-08-01,72.86,180.65,1716.4,0.2,1956.83
READ0497,HH0096,South,2024-05-07,196.39,282.78,1685.76,-0.5,3127.99
READ0213,HH0248,Urban,2024-03-23,278.01,86.34,213.66,-0.5,1129.19
READ0122,HH0187,Urban,2024-04-18,309.15,,1731.86,-3.9,532.34
READ0033,HH0049,West,2024-01-19,500.75,188.07,781.39,19.6,2376.12
READ0376,HH0015,South,2024-10-25,82.97,241.6,1271.31,12.4,2604.45
READ0304,HH0010,West,2024-03-19,718.43,44.06,237.64,31.0,1037.61
READ0152,HH0290,North,2024-03-21,136.17,267.29,1314.64,-3.4,2916.8
READ0022,HH0220,West,2024-12-13,134.35,193.78,556.87,-0.1,2142.73
READ0142,HH0292,North,2024-02-28,612.99,61.59,1440.68,18.0,1138.53
READ0525,HH0146,Central,2024-09-16,475.82,255.22,930.36,17.9,3061.4
READ0450,HH0073,East,2024-06-12,411.31,132.05,985.47,12.5,1716.56
READ0336,HH0113,Coastal,2024-05-03,740.8,274.77,1353.9,17.0,3479.08
READ0330,HH0192,Rural,2024-06-10,295.2,125.35,1627.66,-0.3,1553.96
READ0482,HH0036,Urban,2024-08-19,159.15,278.94,1524.78,-0.9,3057.71
READ0220,HH0272,North,2024-05-24,559.93,143.12,1959.23,20.2,1952.66
READ0001,HH0140,North,2024-11-07,791.76,199.86,1569.08,16.7,2733.51
READ0409,HH0222,West,2024-02-02,128.86,224.21,1325.57,34.1,2458.62
READ0088,HH0139,Central,2024-07-11,595.06,260.52,490.98,25.3,3212.0
READ0383,HH0117,Rural,2024-06-11,353.33,191.74,1410.63,19.1,2297.34
READ0287,HH0262,Coastal,2024-11-09,475.22,114.31,251.53,11.6,1580.68
READ0502,HH0288,East,2024-03-19,465.61,69.28,211.72,33.6,1100.14
READ0474,HH0080,South,2024-01-15,774.55,217.8,575.42,-0.5,2907.12
READ0280,HH0092,Coastal,2024-08-15,505.38,151.17,520.37,27.8,1992.11
READ0443,HH0119,Rural,2024-01-05,602.28,90.02,1352.83,21.3,1428.39
READ0340,HH0072,Central,2024-03-10,305.06,95.08,1891.29,28.5,1244.28
READ0221,HH0239,Coastal,2024-01-27,352.67,91.25,1844.35,29.4,1242.11
READ0538,HH0175,West,2024-11-08,541.69,25.62,1281.39,28.5,703.64
READ0505,HH0255,South,2024-12-10,583.69,135.85,1491.6,22.0,1894.87
READ0081,HH0295,Urban,2024-02-06,98.17,124.95,1109.9,28.0,1391.62
READ0363,HH0099,West,2024-10-03,311.47,26.26,377.71,28.6,525.28
READ0483,HH0296,Urban,2024-08-03,78.92,188.63,1230.37,14.1,2044.98
READ0158,HH0043,Urban,2024-05-20,487.22,32.43,605.79,32.5,730.9
READ0335,HH0145,Coastal,2024-11-16,659.15,116.54,1081.26,6.6,1752.07
READ0059,HH0300,North,2024-04-13,351.78,201.44,575.41,29.7,2397.12
READ0002,HH0214,East,2024-12-06,462.16,257.59,492.45,17.2,3074.92
READ0408,HH0212,North,2024-12-16,358.89,292.75,1566.03,8.3,3362.55
READ0264,HH0265,South,2024-11-01,,68.39,805.23,3.8,1064.29
READ0276,HH0193,Central,2024-03-04,450.54,134.09,677.97,7.1,1769.05
READ0553,HH0187,South,2024-05-01,686.19,58.28,853.14,14.9,1161.75
READ0350,HH0111,Central,2024-07-17,442.81,109.01,1684.86,13.6,1500.54
READ0447,HH0241,Urban,2024-09-16,757.61,126.75,293.05,16.6,1937.26
READ0096,HH0135,East,2024-09-20,791.74,217.81,1387.71,12.0,2921.78
READ0013,HH0146,Urban,2024-08-16,793.04,37.07,965.3,27.3,1024.63
READ0084,HH0233,Rural,2024-07-02,468.15,110.12,441.76,10.0,1531.22
READ0106,HH0084,West,2024-07-10,389.95,146.59,1145.81,18.3,1852.3
READ0171,HH0035,West,2024-05-07,461.63,242.74,610.21,34.2,2918.68
READ0541,HH0114,Rural,2024-11-04,472.1,72.79,1203.8,31.7,1143.18
READ0194,HH0063,Rural,2024-11-07,491.78,48.27,1043.81,24.3,901.3
READ0390,HH0277,Coastal,2024-04-24,756.26,283.29,917.27,19.0,3580.47
READ0380,HH0262,Rural,2024-03-26,786.23,291.66,1596.02,20.4,3693.01
READ0075,HH0006,Central,2024-05-09,278.68,13.71,930.3,26.1,367.83
READ0245,HH0053,West,2024-11-14,687.68,130.1,1105.62,32.7,1917.3
READ0498,HH0261,Central,2024-07-12,264.79,64.14,1329.27,5.7,886.63
READ0480,HH0201,East,2024-04-28,248.81,136.47,1677.18,-3.2,1633.66
READ0250,HH0178,East,2024-07-07,621.39,59.2,236.78,24.4,1118.95
READ0425,HH0215,North,2024-06-17,177.17,143.6,1016.71,20.5,1650.55
READ0178,HH0043,South,2024-02-27,654.89,12.95,375.8,12.6,660.26
READ0414,HH0228,Central,2024-07-11,713.99,155.61,731.33,33.0,2205.83
READ0293,HH0062,Urban,2024-12-18,347.99,224.58,460.48,16.7,2636.94
READ0274,HH0055,Urban,2024-01-03,680.56,180.36,1307.97,-1.4,2439.54
READ0154,HH0198,Central,2024-06-06,709.17,291.33,1853.17,4.2,3628.15
READ0439,HH0129,West,2024-02-28,191.16,138.86,1261.7,3.7,1612.22
READ0367,HH0153,West,2024-01-05,714.4,245.96,1890.12,25.2,3155.99
READ0175,HH0275,West,2024-07-19,779.18,142.46,1734.11,0.6,2120.91
READ0262,HH0147,North,2024-04-12,91.63,173.09,781.36,17.0,1891.53
READ0275,HH0202,East,2024-09-09,179.09,113.32,381.45,32.1,1333.51
READ0116,HH0016,Urban,2024-01-14,329.98,256.61,1875.73,-2.1,2960.26
READ0469,HH0124,Rural,2024-07-17,365.73,153.65,461.29,6.9,1906.37
READ0407,HH0291,South,2024-04-06,206.89,37.15,1877.01,19.2,557.46
READ0067,HH0015,West,2024-10-27,190.81,79.65,1231.28,16.7,990.2
READ0397,HH0256,East,2024-08-11,745.45,54.35,1839.09,22.5,1168.87
READ0240,HH0091,Coastal,2024-02-24,322.31,116.79,1640.02,31.5,1485.78
READ0544,HH0077,North,2024-10-13,488.1,88.48,1312.7,-3.1,1320.83
READ0557,HH0092,Coastal,2024-10-05,371.84,174.74,471.44,20.5,2132.71
READ0301,HH0273,North,2024-06-15,297.34,176.4,1365.73,19.2,2091.44
READ0281,HH0214,Coastal,2024-07-13,280.37,113.56,846.23,13.5,1417.52
READ0462,HH0065,West,2024-01-03,699.88,123.95,307.75,2.0,1861.69
READ0017,HH0035,Rural,2024-09-15,782.0,104.72,841.44,2.4,1726.0
READ0334,HH0098,Central,2024-08-13,680.66,168.51,1968.38,14.9,2315.85
READ0366,HH0129,Urban,2024-11-14,571.97,120.74,1679.39,0.2,1727.03
READ0232,HH0212,Coastal,2024-03-11,600.51,68.83,594.13,11.2,1203.72
READ0324,HH0274,West,2024-09-08,433.39,232.45,1349.55,24.7,2788.79
READ0179,HH0006,South,2024-04-26,707.9,52.58,1765.65,33.4,1120.18
READ0098,HH0049,North,2024-09-20,374.83,87.3,1182.36,10.7,1217.7
READ0060,HH0234,Rural,2024-11-11,98.13,80.46,792.24,27.6,924.13
READ0063,HH0287,East,2024-03-14,291.94,28.74,318.06,30.0,535.64
READ0155,HH0126,Coastal,2024-06-13,225.26,149.74,532.33,20.5,1753.01
READ0114,HH0084,Coastal,2024-07-18,106.07,298.2,770.95,8.8,3216.73
READ0187,HH0205,Central,2024-05-14,361.95,246.97,1059.05,28.7,2883.8
READ0395,HH0292,Coastal,2024-06-09,146.47,220.85,922.23,6.7,2437.02
READ0418,HH0029,Coastal,2024-01-22,630.36,196.6,345.05,13.0,2568.93
READ0393,HH0298,Rural,2024-09-28,579.34,260.33,882.89,27.7,3197.82
READ0341,HH0229,Urban,2024-11-17,726.79,149.92,358.75,33.0,2155.95
READ0458,HH0277,Central,2024-04-06,740.53,58.86,1012.39,8.3,1211.47
READ0377,HH0175,North,2024-04-17,745.18,137.97,1779.93,29.0,2046.61
READ0090,HH0266,East,2024-07-04,730.59,254.47,1619.6,7.2,3258.03
READ0297,HH0137,South,2024-08-15,463.75,90.2,1816.72,24.7,1319.92
READ0193,HH0107,East,2024-08-24,128.24,38.15,670.47,-3.6,503.84
READ0549,HH0211,Rural,2024-04-23,702.42,209.36,1605.91,-4.3,2761.82
READ0054,HH0108,Coastal,2024-04-27,549.75,222.9,1423.83,9.8,2781.67
READ0445,HH0285,North,2024-01-02,268.85,71.95,1934.5,6.5,972.49
READ0555,HH0266,North,2024-11-02,178.93,228.27,1062.42,22.5,2541.04
READ0188,HH0296,Central,2024-09-16,621.62,170.95,817.51,16.3,2293.09
READ0424,HH0253,Central,2024-05-04,416.59,293.51,513.45,13.7,3415.64
READ0027,HH0017,Urban,2024-02-02,664.16,199.44,1099.82,29.0,2626.55
READ0292,HH0143,Central,2024-01-11,697.27,36.19,363.27,14.8,938.17
READ0396,HH0085,Central,2024-02-21,453.88,15.52,1616.44,19.5,527.68
READ0165,HH0168,Coastal,2024-05-28,121.34,17.38,1611.67,16.3,281.17
READ0237,HH0212,West,2024-04-10,595.45,35.23,324.67,17.7,846.6
READ0429,HH0173,East,2024-02-07,453.01,263.1,1224.59,8.0,3126.18
READ0202,HH0174,West,2024-02-20,526.93,74.83,326.9,17.8,1207.59
READ0057,HH0195,Central,2024-08-11,788.03,200.3,981.15,9.1,2734.56
READ0131,HH0018,Urban,2024-04-16,773.6,245.79,751.16,0.8,3200.43
READ0470,HH0003,East,2024-10-28,681.53,108.69,913.96,33.1,1687.38
READ0441,HH0181,South,2024-05-24,213.16,139.09,1996.99,-5.0,1632.97
READ0411,HH0196,Central,2024-11-02,166.25,203.45,859.85,8.1,2270.08
READ0436,HH0267,Coastal,2024-11-14,726.03,169.47,1399.26,7.7,2361.66
READ0362,HH0262,Urban,2024-05-25,454.18,240.26,459.56,1.4,2886.53
READ0066,HH0264,Urban,2024-09-23,401.25,24.93,717.33,20.8,583.48
READ0472,HH0123,Central,2024-05-17,527.88,271.19,793.92,15.0,3270.59
READ0331,HH0100,West,2024-09-28,473.55,145.29,1579.82,18.4,1905.96
READ0253,HH0023,Coastal,2024-02-28,628.38,240.71,967.33,19.3,3031.13
READ0552,HH0126,West,2024-06-11,416.79,128.97,352.0,30.2,1687.97
READ0249,HH0227,North,2024-08-09,602.31,245.29,1057.39,-2.2,3058.45
READ0256,HH0294,North,2024-01-18,244.39,231.61,1140.86,20.8,2628.56
READ0349,HH0286,East,2024-04-22,335.78,182.45,765.12,8.6,2185.11
READ0475,HH0024,East,2024-07-02,266.2,216.25,1075.01,34.8,2484.66
READ0352,HH0171,Coastal,2024-04-07,81.57,55.64,1287.18,21.6,650.76
READ0278,HH0146,Urban,2024-04-05,658.8,243.52,849.05,4.6,3084.85
READ0055,HH0213,East,2024-01-27,241.29,26.57,301.65,4.7,472.32
READ0321,HH0215,West,2024-01-16,762.0,63.2,1825.13,3.6,1275.03
READ0285,HH0227,North,2024-04-21,380.67,271.86,310.9,31.2,3159.38
READ0144,HH0162,East,2024-07-26,749.09,57.81,241.82,31.2,1206.52
READ0521,HH0232,Coastal,2024-08-16,652.21,123.34,1785.76,25.1,1818.62
READ0374,HH0239,Central,2024-01-18,665.63,98.88,1373.3,34.2,1572.12
READ0420,HH0125,South,2024-04-23,251.23,,635.36,19.2,2713.74
READ0556,HH0056,South,2024-04-06,474.1,200.06,369.06,32.2,2480.28
READ0419,HH0251,Urban,2024-09-25,61.07,208.95,1864.03,3.1,2244.7
READ0252,HH0188,West,2024-12-06,299.02,199.83,1634.28,11.6,2339.07
READ0118,HH0165,Rural,2024-05-05,146.66,28.99,1010.05,28.7,422.73
READ0110,HH0143,North,2024-11-08,109.14,197.78,851.6,12.5,2164.85
READ0364,HH0067,North,2024-10-04,708.62,92.35,1761.86,0.5,1538.33
READ0398,HH0071,Coastal,2024-05-10,752.88,21.56,1913.38,2.1,830.6
READ0527,HH0167,Rural,2024-06-05,591.43,165.79,1847.56,20.3,2215.79
READ0486,HH0044,Rural,2024-06-10,716.01,79.73,1127.01,9.8,1411.1
READ0042,HH0131,East,2024-07-01,282.56,237.32,1607.15,33.0,2719.52
READ0296,HH0153,East,2024-10-19,515.05,110.21,991.08,25.9,1570.24
READ0092,HH0253,South,2024-05-26,128.93,276.74,1622.96,3.7,3010.54
READ0163,HH0076,North,2024-06-20,284.91,199.64,1582.71,16.3,2325.73
READ0032,HH0164,West,2024-09-19,132.92,39.54,1153.44,-2.5,522.66
READ0315,HH0143,South,2024-10-10,430.37,206.18,772.45,26.2,2509.96
READ0200,HH0211,North,2024-04-06,707.35,87.22,1560.62,15.1,1483.25
READ0030,HH0129,West,2024-04-27,218.67,214.45,1053.5,15.5,2427.71
READ0114,HH0084,Coastal,2024-07-18,106.07,298.2,770.95,8.8,3216.73
READ0239,HH0202,Coastal,2024-02-16,708.31,142.38,677.48,4.9,2062.32
READ0460,HH0236,Coastal,2024-09-05,610.65,,1245.84,11.5,2631.45
READ0141,HH0190,South,2024-01-17,341.5,70.61,1155.24,0.4,1015.76
READ0214,HH0274,North,2024-01-14,189.76,114.01,256.9,21.8,1349.17
READ0231,HH0073,South,2024-05-17,766.17,293.14,399.67,-4.8,3691.31
READ0095,HH0012,East,2024-03-10,227.92,129.59,773.32,18.8,1543.8
READ0246,HH0121,Coastal,2024-09-13,444.47,14.95,436.38,19.8,512.99
READ0288,HH0196,Coastal,2024-11-02,562.99,179.57,1040.41,26.6,2336.92
READ0120,HH0120,Rural,2024-08-04,355.41,220.24,481.97,3.3,2597.33
READ0183,HH0284,West,2024-04-24,314.86,225.77,718.29,31.4,2623.19
READ0476,HH0200,North,2024-09-02,154.0,244.01,968.27,-1.1,2686.27
READ0236,HH0079,Central,2024-11-27,67.11,219.06,1955.41,30.4,2355.77
READ0038,HH0163,East,2024-05-13,468.07,262.22,808.48,17.3,3128.57
READ0540,HH0051,Urban,2024-07-16,374.39,213.58,582.17,18.0,2542.68
READ0083,HH0143,North,2024-01-17,679.83,239.21,1935.46,28.1,3057.5
READ0268,HH0298,Central,2024-02-16,252.03,78.4,1842.19,9.7,1026.67
READ0035,HH0046,East,2024-04-01,677.62,239.17,315.57,34.7,3053.7
READ0091,HH0116,Urban,2024-05-04,563.54,228.06,952.77,-0.3,2846.41
READ0069,HH0267,Coastal,2024-07-03,155.14,93.39,1372.84,30.9,1106.08
READ0523,HH0011,East,2024-04-09,758.73,73.11,1296.29,29.8,1375.94
READ0219,HH0234,North,2024-11-16,748.46,244.71,1018.35,24.5,3169.24
READ0548,HH0167,Urban,2024-06-21,84.88,159.83,1756.59,4.9,1747.88
READ0323,HH0253,South,2024-01-01,442.33,295.2,1710.16,17.0,3455.17
READ0427,HH0177,Rural,2024-05-02,357.08,158.93,1045.45,33.0,1955.47
READ0273,HH0083,South,2024-10-09,371.12,104.24,1661.61,-1.6,1393.08
READ0104,HH0068,Urban,2024-12-17,480.49,17.4,1502.11,17.3,568.59
READ0210,HH0213,Coastal,2024-02-17,699.68,269.43,1608.43,18.6,3390.37
READ0534,HH0019,West,2024-01-10,333.06,166.0,1603.25,18.4,2011.05
READ0242,HH0012,Central,2024-10-08,247.15,227.97,228.82,32.9,2591.63
READ0531,HH0138,North,2024-06-07,107.17,174.9,1329.67,-0.0,1923.52
READ0560,HH0244,West,2024-02-10,200.57,259.47,243.18,13.9,2885.13
READ0124,HH0295,East,2024-01-15,335.53,79.13,924.04,28.2,1100.21
READ0052,HH0218,North,2024-07-04,179.13,200.09,449.7,5.7,2244.7
READ0087,HH0169,Central,2024-04-08,755.66,277.62,374.43,26.9,3519.91
READ0020,HH0079,North,2024-05-09,267.27,225.43,1400.91,6.5,2582.23
READ0206,HH0136,South,2024-10-11,516.28,12.45,247.64,-0.5,544.0
READ0347,HH0055,Urban,2024-09-23,277.96,43.79,1147.59,2.9,683.31
READ0243,HH0182,Central,2024-03-27,782.32,172.95,507.38,11.9,2442.34
READ0125,HH0111,East,2024-01-28,603.16,276.64,1361.14,5.5,3388.61
READ0365,HH0160,East,2024-09-20,750.14,,1763.41,30.7,3068.54
READ0010,HH0248,South,2024-05-22,520.54,151.41,280.24,0.3,2006.52
READ0044,HH0253,Central,2024-04-09,388.75,61.03,962.4,0.3,952.78
READ0477,HH0178,South,2024-02-02,326.33,164.29,716.92,19.0,1986.83
READ0354,HH0132,South,2024-10-05,275.46,234.62,1505.01,11.9,2685.38
READ0412,HH0135,Urban,2024-09-10,386.63,104.96,1625.38,14.2,1413.01
READ0108,HH0229,South,2024-07-22,,183.2,291.4,6.8,2099.92
READ0115,HH0270,Rural,2024-06-17,105.84,151.1,899.31,22.7,1672.12
READ0485,HH0196,North,2024-03-05,284.16,148.37,242.77,31.9,1785.46
READ0386,HH0290,North,2024-02-27,445.71,96.78,1326.91,-2.9,1374.08
READ0558,HH0273,West,2024-12-05,699.29,236.94,1721.26,16.1,3049.02
READ0184,HH0075,South,2024-12-15,74.82,45.83,1030.28,9.0,542.1
READ0086,HH0103,Coastal,2024-04-03,622.4,246.33,753.7,11.4,3085.14
READ0406,HH0258,Rural,2024-08-10,206.78,54.55,1328.39,-2.3,739.53
READ0148,HH0028,West,2024-03-17,366.5,71.51,234.85,21.4,1044.29
READ0136,HH0118,Rural,2024-04-18,333.37,290.71,471.37,22.0,3319.62
READ0546,HH0114,West,2024-09-02,145.81,64.67,728.55,10.5,796.41
READ0166,HH0113,Urban,2024-03-08,787.5,41.65,1582.86,0.9,1068.91
READ0308,HH0223,Rural,2024-06-02,189.44,269.67,1676.5,20.7,2984.76
READ0309,HH0123,East,2024-01-09,540.73,99.59,1642.15,11.0,1479.92
READ0056,HH0198,Urban,2024-04-28,238.49,211.88,635.47,17.4,2416.17
READ0061,HH0284,Coastal,2024-10-14,382.91,51.05,232.14,9.4,842.59
READ0362,HH0262,Urban,2024-05-25,454.18,240.26,459.56,1.4,2886.53
READ0305,HH0020,East,2024-03-14,116.6,125.57,776.71,12.9,1412.54
READ0391,HH0089,East,2024-11-05,351.17,201.98,774.26,21.9,2402.5
READ0404,HH0194,West,2024-09-17,735.01,35.18,1588.48,4.7,958.99
READ0094,HH0077,North,2024-11-26,602.95,73.28,388.16,19.5,1252.19
READ0439,HH0129,West,2024-02-28,191.16,138.86,1261.7,3.7,1612.22
READ0176,HH0070,West,2024-12-07,287.03,12.18,908.85,1.9,358.42
READ0284,HH0229,Coastal,2024-04-15,,27.36,1052.41,31.4,386.59
READ0455,HH0163,Coastal,2024-01-17,351.34,73.01,605.02,12.6,1048.28
READ0072,HH0155,Central,2024-12-01,793.08,150.47,1823.24,3.6,2216.22
READ0488,HH0235,West,2024-07-27,210.57,43.66,1397.13,28.3,628.28
READ0003,HH0250,West,2024-08-08,261.09,174.21,1454.37,18.6,2039.53
READ0071,HH0163,South,2024-10-20,418.82,133.09,729.29,-1.3,1733.23
READ0168,HH0209,Coastal,2024-02-23,752.65,169.27,1168.33,26.6,2380.62
READ0426,HH0094,South,2024-02-03,489.53,29.39,832.67,1.4,701.05
READ0355,HH0121,East,2024-04-12,357.18,36.27,696.01,34.9,667.28
READ0128,HH0276,Central,2024-05-15,135.13,130.37,1636.99,7.7,1478.63
READ0493,HH0200,East,2024-10-18,105.83,271.41,610.76,27.3,2935.08
READ0076,HH0144,West,2024-10-07,503.6,64.09,1724.71,-2.4,1077.55
READ0024,HH0209,Rural,2024-01-13,408.91,153.48,1992.17,25.9,1940.66
READ0230,HH0173,Central,2024-01-17,323.66,240.75,1404.83,12.2,2788.21
READ0325,HH0057,Central,2024-04-12,214.76,211.02,1888.43,18.3,2389.41
READ0079,HH0053,North,2024-01-09,79.56,169.27,1899.45,-2.5,1842.88
READ0255,HH0151,Coastal,2024-02-28,73.58,109.37,1474.63,0.3,1208.72
READ0058,HH0074,West,2024-04-23,559.1,55.05,950.01,6.1,1026.26
READ0008,HH0012,Coastal,2024-07-16,172.49,98.41,433.19,14.2,1171.73
READ0435,HH0053,Rural,2024-01-05,593.46,176.98,877.81,34.1,2333.94
READ0107,HH0043,East,2024-05-01,,225.42,822.19,-3.4,3001.74
READ0248,HH0269,Coastal,2024-03-06,427.06,26.68,1133.78,23.4,622.92
READ0509,HH0089,North,2024-06-18,496.04,24.03,774.56,7.1,649.92
READ0156,HH0196,North,2024-09-06,506.08,69.01,1582.48,29.9,1131.05
READ0266,HH0089,Coastal,2024-02-10,765.24,16.23,662.53,19.9,783.27
READ0440,HH0195,Urban,2024-12-28,295.54,126.63,329.59,29.7,1566.38
READ0028,HH0089,South,2024-12-08,105.91,28.35,1760.11,-1.3,384.16
READ0212,HH0065,South,2024-11-08,356.13,52.01,1830.16,33.5,832.84
READ0186,HH0175,Rural,2024-02-20,784.2,251.99,330.78,17.3,3273.59
READ0452,HH0115,Rural,2024-03-06,107.44,26.08,1424.16,32.9,361.22
READ0464,HH0235,Central,2024-04-09,367.09,244.88,1373.21,-3.2,2866.29
READ0478,HH0069,Rural,2024-07-18,333.96,30.92,850.52,23.8,592.68
READ0082,HH0186,Coastal,2024-04-06,383.41,284.9,1520.98,19.5,3299.7
READ0006,HH0156,Rural,2024-01-11,404.61,155.23,1295.25,12.8,1954.9
READ0089,HH0125,Rural,2024-03-27,239.47,40.36,1399.15,24.7,616.76
READ0312,HH0096,Urban,2024-04-08,503.41,263.77,277.25,7.3,3172.59
READ0093,HH0015,West,2024-01-28,503.18,226.57,680.25,32.1,2782.21
READ0433,HH0113,North,2024-12-17,509.36,201.03,515.58,28.7,2518.82
READ0316,HH0183,North,2024-01-16,674.75,290.07,600.08,22.3,3586.14
READ0145,HH0231,Rural,2024-11-03,501.87,178.76,1830.74,17.8,2280.31
READ0489,HH0168,Central,2024-10-24,507.42,121.87,1455.13,30.1,1687.03
READ0161,HH0042,Rural,2024-02-27,667.12,273.47,1363.79,1.7,3406.49
READ0199,HH0025,West,2024-02-20,335.79,229.45,1925.67,30.2,2679.78
READ0187,HH0205,Central,2024-05-14,361.95,246.97,1059.05,,2883.8
READ0311,HH0211,West,2024-01-21,189.96,186.73,925.39,-4.0,2113.56
READ0317,HH0254,West,2024-08-16,383.39,225.46,1207.95,19.9,2675.25
READ0204,HH0226,Central,2024-11-28,763.29,125.18,1368.51,26.6,1926.39
READ0289,HH0074,South,2024-02-21,114.72,115.21,243.3,0.2,1301.72
READ0279,HH0053,Urban,2024-08-17,65.97,38.47,463.89,14.6,457.17
READ0099,HH0090,Central,2024-12-26,592.07,225.88,1024.07,-4.2,2846.42
READ0320,HH0097,North,2024-11-02,230.79,167.94,1322.54,14.8,1949.32
READ0234,HH0268,Central,2024-03-05,242.17,261.73,1761.86,17.6,2943.66
READ0368,HH0189,South,2024-11-02,492.64,122.08,293.07,4.2,1676.25
READ0153,HH0023,Central,2024-08-08,201.94,233.23,1677.21,14.3,2612.14
READ0506,HH0277,Coastal,2024-05-06,647.96,67.12,1265.35,7.8,1224.39
READ0043,HH0031,East,2024-10-05,669.32,199.79,433.76,10.3,2633.68
READ0078,HH0206,Central,2024-09-02,599.84,50.84,1069.17,25.0,1014.76
READ0050,HH0128,Central,2024-03-07,100.2,79.37,1926.22,34.0,915.47
READ0233,HH0062,West,2024-09-05,677.83,19.5,838.53,34.6,747.85
READ0524,HH0062,West,2024-11-24,401.28,137.55,567.94,26.5,1765.87
READ0519,HH0238,East,2024-12-23,150.85,295.23,352.59,4.0,3220.95
READ0402,HH0248,Central,2024-06-08,263.14,258.59,1647.6,31.1,2927.35
READ0208,HH0140,North,2024-08-04,403.46,24.04,1771.25,16.5,576.96
READ0190,HH0196,East,2024-02-10,748.11,,721.95,4.9,2915.51
READ0421,HH0163,South,2024-04-16,,17.71,748.69,2.3,626.81
READ0037,HH0169,Central,2024-01-08,393.3,61.17,1965.32,2.0,958.89
READ0491,HH0192,East,2024-09-10,481.0,254.49,925.6,-3.8,3057.87
READ0271,HH0051,North,2024-11-24,660.64,267.21,585.79,-2.2,3334.8
READ0159,HH0186,East,2024-10-07,596.61,201.99,702.31,11.9,2598.89
READ0111,HH0196,Urban,2024-07-04,775.54,194.87,300.17,17.9,
READ0197,HH0024,Central,2024-11-10,376.63,45.31,1077.28,3.6,778.14
READ0487,HH0090,East,2024-07-26,743.78,59.37,1229.03,-2.2,1219.64
READ0018,HH0070,Rural,2024-04-09,554.8,244.25,405.13,17.5,3008.87
READ0269,HH0148,Rural,2024-08-08,392.6,148.66,907.4,0.3,1875.92
READ0025,HH0074,North,2024-10-02,232.07,283.4,1767.47,24.4,3163.12
READ0381,HH0134,Urban,2024-04-08,569.67,106.17,616.33,20.6,1571.14
READ0182,HH0143,Rural,2024-06-12,450.95,79.82,1925.08,0.5,1200.8
READ0265,HH0273,South,2024-10-27,196.38,32.28,1882.42,12.7,497.93
READ0216,HH0121,Urban,2024-08-23,195.03,228.89,1277.29,26.4,2560.65
READ0457,HH0014,West,2024-02-05,707.37,178.39,800.7,11.3,2439.79
READ0196,HH0276,Rural,2024-05-14,166.49,258.5,976.58,31.6,2848.42
READ0310,HH0230,East,2024-09-04,513.69,251.97,487.86,33.8,3057.12
READ0399,HH0119,Coastal,2024-07-17,769.92,289.68,377.66,27.0,3657.95
READ0016,HH0019,West,2024-03-22,262.0,161.42,1842.45,29.4,1906.35
READ0378,HH0105,East,2024-01-27,378.54,83.78,1480.34,9.7,1184.0
READ0164,HH0200,North,2024-01-09,316.32,130.09,1561.96,2.7,1620.56
READ0545,HH0274,West,2024-01-09,506.99,122.91,1197.27,10.2,1697.34
READ0415,HH0279,South,2024-12-01,130.37,179.25,1566.23,19.5,1987.99
